,endog_vars,exog_vars,igae_sa,importaciones_r,indic_mens_consumo,ing_trib_sin_gasol_neto_(mdp)_r,inpc,model,params,split_date,tasa_cetes_91_mensual,tc_mensual
0,"['igae_sa', 'tc_mensual', 'tasa_cetes_91_mensual', 'inpc', 'ing_trib_sin_gasol_neto_(mdp)_r', 'importaciones_r', 'indic_mens_consumo']",None,"{Timestamp('2015-01-01 00:00:00', freq='AS-JAN'): -7.193076017489375, Timestamp('2016-01-01 00:00:00', freq='AS-JAN'): -33.62206264109204}","{Timestamp('2015-01-01 00:00:00', freq='AS-JAN'): -290613.6262739906, Timestamp('2016-01-01 00:00:00', freq='AS-JAN'): -889932.6813421398}","{Timestamp('2015-01-01 00:00:00', freq='AS-JAN'): 16.444721033693213, Timestamp('2016-01-01 00:00:00', freq='AS-JAN'): 50.3758713636289}","{Timestamp('2015-01-01 00:00:00', freq='AS-JAN'): -83435.61488765385, Timestamp('2016-01-01 00:00:00', freq='AS-JAN'): 55780.479639837984}","{Timestamp('2015-01-01 00:00:00', freq='AS-JAN'): 2.2012941262827326, Timestamp('2016-01-01 00:00:00', freq='AS-JAN'): 0.5931357425081387}",VAR,"{'ic': 'aic', 'maxlags': 12, 'trend': 'c'}",2015-07-01,"{Timestamp('2015-01-01 00:00:00', freq='AS-JAN'): -5.18003569278585, Timestamp('2016-01-01 00:00:00', freq='AS-JAN'): -7.934462859703373}","{Timestamp('2015-01-01 00:00:00', freq='AS-JAN'): 0.48557598850240424, Timestamp('2016-01-01 00:00:00', freq='AS-JAN'): 17.320884841700263}"
1,"['igae_sa', 'tc_mensual', 'tasa_cetes_91_mensual', 'inpc', 'ing_trib_sin_gasol_neto_(mdp)_r', 'importaciones_r', 'indic_mens_consumo']",None,"{Timestamp('2015-01-01 00:00:00', freq='AS-JAN'): -4.866078688247626, Timestamp('2016-01-01 00:00:00', freq='AS-JAN'): -24.6784275246398}","{Timestamp('2015-01-01 00:00:00', freq='AS-JAN'): -500531.47579342313, Timestamp('2016-01-01 00:00:00', freq='AS-JAN'): -1065320.7675641887}","{Timestamp('2015-01-01 00:00:00', freq='AS-JAN'): 16.7921293871118, Timestamp('2016-01-01 00:00:00', freq='AS-JAN'): 54.91854399208955}","{Timestamp('2015-01-01 00:00:00', freq='AS-JAN'): -103139.86281682923, Timestamp('2016-01-01 00:00:00', freq='AS-JAN'): 64755.91530805593}","{Timestamp('2015-01-01 00:00:00', freq='AS-JAN'): 2.2556031142667052, Timestamp('2016-01-01 00:00:00', freq='AS-JAN'): -5.198495142638421}",VAR,"{'ic': 'aic', 'maxlags': 12, 'trend': 'ct'}",2015-07-01,"{Timestamp('2015-01-01 00:00:00', freq='AS-JAN'): -4.281931533935335, Timestamp('2016-01-01 00:00:00', freq='AS-JAN'): -5.043207253043548}","{Timestamp('2015-01-01 00:00:00', freq='AS-JAN'): -3.3778442234188617, Timestamp('2016-01-01 00:00:00', freq='AS-JAN'): 1.45421385739985}"
2,"['igae_sa', 'tc_mensual', 'tasa_cetes_91_mensual', 'inpc', 'ing_trib_sin_gasol_neto_(mdp)_r', 'importaciones_r', 'indic_mens_consumo']",None,"{Timestamp('2015-01-01 00:00:00', freq='AS-JAN'): 1.2837372361555026, Timestamp('2016-01-01 00:00:00', freq='AS-JAN'): 4.742619434730386}","{Timestamp('2015-01-01 00:00:00', freq='AS-JAN'): 130292.85474124551, Timestamp('2016-01-01 00:00:00', freq='AS-JAN'): 134214.26300467085}","{Timestamp('2015-01-01 00:00:00', freq='AS-JAN'): 19.31789378315466, Timestamp('2016-01-01 00:00:00', freq='AS-JAN'): 36.612267150170055}","{Timestamp('2015-01-01 00:00:00', freq='AS-JAN'): 59317.573496873025, Timestamp('2016-01-01 00:00:00', freq='AS-JAN'): 547434.8398572528}","{Timestamp('2015-01-01 00:00:00', freq='AS-JAN'): 5.219573680300073, Timestamp('2016-01-01 00:00:00', freq='AS-JAN'): 13.097552028783866}",VAR,"{'ic': 'bic', 'maxlags': 12, 'trend': 'c'}",2015-07-01,"{Timestamp('2015-01-01 00:00:00', freq='AS-JAN'): 0.31920950954526717, Timestamp('2016-01-01 00:00:00', freq='AS-JAN'): 15.477595720655465}","{Timestamp('2015-01-01 00:00:00', freq='AS-JAN'): 5.205726951653588, Timestamp('2016-01-01 00:00:00', freq='AS-JAN'): 27.696701848664844}"
3,"['igae_sa', 'tc_mensual', 'tasa_cetes_91_mensual', 'inpc', 'ing_trib_sin_gasol_neto_(mdp)_r', 'importaciones_r', 'indic_mens_consumo']",None,"{Timestamp('2015-01-01 00:00:00', freq='AS-JAN'): 1.2248702471088109, Timestamp('2016-01-01 00:00:00', freq='AS-JAN'): -5.0106085012516814}","{Timestamp('2015-01-01 00:00:00', freq='AS-JAN'): 130727.83833157178, Timestamp('2016-01-01 00:00:00', freq='AS-JAN'): 189979.53805783205}","{Timestamp('2015-01-01 00:00:00', freq='AS-JAN'): 19.411130860856247, Timestamp('2016-01-01 00:00:00', freq='AS-JAN'): 50.864440412238764}","{Timestamp('2015-01-01 00:00:00', freq='AS-JAN'): 58388.61889065942, Timestamp('2016-01-01 00:00:00', freq='AS-JAN'): 422339.90467097843}","{Timestamp('2015-01-01 00:00:00', freq='AS-JAN'): 5.245762155545549, Timestamp('2016-01-01 00:00:00', freq='AS-JAN'): 18.05869428619667}",VAR,"{'ic': 'bic', 'maxlags': 12, 'trend': 'ct'}",2015-07-01,"{Timestamp('2015-01-01 00:00:00', freq='AS-JAN'): 0.30036718468488743, Timestamp('2016-01-01 00:00:00', freq='AS-JAN'): 12.505857737370192}","{Timestamp('2015-01-01 00:00:00', freq='AS-JAN'): 5.216895294885603, Timestamp('2016-01-01 00:00:00', freq='AS-JAN'): 29.740998572574796}"
4,"['igae_sa', 'tc_mensual', 'tasa_cetes_91_mensual', 'inpc', 'ing_trib_sin_gasol_neto_(mdp)_r', 'importaciones_r', 'indic_mens_consumo']",None,"{Timestamp('2015-01-01 00:00:00', freq='AS-JAN'): -5.269971422622348, Timestamp('2016-01-01 00:00:00', freq='AS-JAN'): -16.299745552358218}","{Timestamp('2015-01-01 00:00:00', freq='AS-JAN'): -147868.14341775794, Timestamp('2016-01-01 00:00:00', freq='AS-JAN'): -567047.7770616878}","{Timestamp('2015-01-01 00:00:00', freq='AS-JAN'): 17.914036574098645, Timestamp('2016-01-01 00:00:00', freq='AS-JAN'): 65.1150512948227}","{Timestamp('2015-01-01 00:00:00', freq='AS-JAN'): -96553.7289386564, Timestamp('2016-01-01 00:00:00', freq='AS-JAN'): -4938.487007750664}","{Timestamp('2015-01-01 00:00:00', freq='AS-JAN'): 2.9189990622219284, Timestamp('2016-01-01 00:00:00', freq='AS-JAN'): 2.472413432528583}",VAR,"{'ic': 'fpe', 'maxlags': 12, 'trend': 'c'}",2015-07-01,"{Timestamp('2015-01-01 00:00:00', freq='AS-JAN'): -3.528455897015135, Timestamp('2016-01-01 00:00:00', freq='AS-JAN'): 0.08191587152023061}","{Timestamp('2015-01-01 00:00:00', freq='AS-JAN'): 0.7201868457363787, Timestamp('2016-01-01 00:00:00', freq='AS-JAN'): 6.617125306203263}"
5,"['igae_sa', 'tc_mensual', 'tasa_cetes_91_mensual', 'inpc', 'ing_trib_sin_gasol_neto_(mdp)_r', 'importaciones_r', 'indic_mens_consumo']",None,"{Timestamp('2015-01-01 00:00:00', freq='AS-JAN'): -3.5405196164006156, Timestamp('2016-01-01 00:00:00', freq='AS-JAN'): -7.1937109742373195}","{Timestamp('2015-01-01 00:00:00', freq='AS-JAN'): -344124.6751775062, Timestamp('2016-01-01 00:00:00', freq='AS-JAN'): -673910.2740947325}","{Timestamp('2015-01-01 00:00:00', freq='AS-JAN'): 15.656242355337326, Timestamp('2016-01-01 00:00:00', freq='AS-JAN'): 70.09273810712307}","{Timestamp('2015-01-01 00:00:00', freq='AS-JAN'): -129943.7745919493, Timestamp('2016-01-01 00:00:00', freq='AS-JAN'): 16577.172065414954}","{Timestamp('2015-01-01 00:00:00', freq='AS-JAN'): 2.7233672320098776, Timestamp('2016-01-01 00:00:00', freq='AS-JAN'): -3.2833279461012808}",VAR,"{'ic': 'fpe', 'maxlags': 12, 'trend': 'ct'}",2015-07-01,"{Timestamp('2015-01-01 00:00:00', freq='AS-JAN'): -2.7174924302421957, Timestamp('2016-01-01 00:00:00', freq='AS-JAN'): 0.9640821408409295}","{Timestamp('2015-01-01 00:00:00', freq='AS-JAN'): -2.236287181437234, Timestamp('2016-01-01 00:00:00', freq='AS-JAN'): -8.087021036857521}"
6,"['igae_sa', 'tc_mensual', 'tasa_cetes_91_mensual', 'inpc', 'ing_trib_sin_gasol_neto_(mdp)_r', 'importaciones_r', 'indic_mens_consumo']",None,"{Timestamp('2016-01-01 00:00:00', freq='AS-JAN'): 1.5585659467901678, Timestamp('2017-01-01 00:00:00', freq='AS-JAN'): 4.86983758353108}","{Timestamp('2016-01-01 00:00:00', freq='AS-JAN'): -1638.8772907722741, Timestamp('2017-01-01 00:00:00', freq='AS-JAN'): -359628.5976513773}","{Timestamp('2016-01-01 00:00:00', freq='AS-JAN'): 9.020976578610089, Timestamp('2017-01-01 00:00:00', freq='AS-JAN'): 30.42223110042937}","{Timestamp('2016-01-01 00:00:00', freq='AS-JAN'): 56049.55753258802, Timestamp('2017-01-01 00:00:00', freq='AS-JAN'): 13548.44618751388}","{Timestamp('2016-01-01 00:00:00', freq='AS-JAN'): 1.262492253985556, Timestamp('2017-01-01 00:00:00', freq='AS-JAN'): 28.151859297945975}",VAR,"{'ic': 'aic', 'maxlags': 12, 'trend': 'c'}",2016-07-01,"{Timestamp('2016-01-01 00:00:00', freq='AS-JAN'): 0.7786313112606535, Timestamp('2017-01-01 00:00:00', freq='AS-JAN'): 21.754124793883676}","{Timestamp('2016-01-01 00:00:00', freq='AS-JAN'): -2.2398821667835023, Timestamp('2017-01-01 00:00:00', freq='AS-JAN'): -33.920871982540774}"
7,"['igae_sa', 'tc_mensual', 'tasa_cetes_91_mensual', 'inpc', 'ing_trib_sin_gasol_neto_(mdp)_r', 'importaciones_r', 'indic_mens_consumo']",None,"{Timestamp('2016-01-01 00:00:00', freq='AS-JAN'): 2.046186928195766, Timestamp('2017-01-01 00:00:00', freq='AS-JAN'): 2.859666422777309}","{Timestamp('2016-01-01 00:00:00', freq='AS-JAN'): -50321.141067556106, Timestamp('2017-01-01 00:00:00', freq='AS-JAN'): -59560.28964338265}","{Timestamp('2016-01-01 00:00:00', freq='AS-JAN'): 8.893540128169889, Timestamp('2017-01-01 00:00:00', freq='AS-JAN'): 31.289918849565765}","{Timestamp('2016-01-01 00:00:00', freq='AS-JAN'): 53642.960147257894, Timestamp('2017-01-01 00:00:00', freq='AS-JAN'): 41924.785934770014}","{Timestamp('2016-01-01 00:00:00', freq='AS-JAN'): 1.0659764750243994, Timestamp('2017-01-01 00:00:00', freq='AS-JAN'): 28.59920562493585}",VAR,"{'ic': 'aic', 'maxlags': 12, 'trend': 'ct'}",2016-07-01,"{Timestamp('2016-01-01 00:00:00', freq='AS-JAN'): 1.1224580293786417, Timestamp('2017-01-01 00:00:00', freq='AS-JAN'): 20.010989568944552}","{Timestamp('2016-01-01 00:00:00', freq='AS-JAN'): -3.53178217052681, Timestamp('2017-01-01 00:00:00', freq='AS-JAN'): -27.568651699324477}"
8,"['igae_sa', 'tc_mensual', 'tasa_cetes_91_mensual', 'inpc', 'ing_trib_sin_gasol_neto_(mdp)_r', 'importaciones_r', 'indic_mens_consumo']",None,"{Timestamp('2016-01-01 00:00:00', freq='AS-JAN'): 1.3698814975255118, Timestamp('2017-01-01 00:00:00', freq='AS-JAN'): 2.645185715669868}","{Timestamp('2016-01-01 00:00:00', freq='AS-JAN'): 211533.56424633507, Timestamp('2017-01-01 00:00:00', freq='AS-JAN'): -322910.2135167662}","{Timestamp('2016-01-01 00:00:00', freq='AS-JAN'): 23.59024365710775, Timestamp('2017-01-01 00:00:00', freq='AS-JAN'): 40.73319422672421}","{Timestamp('2016-01-01 00:00:00', freq='AS-JAN'): 10152.01641994575, Timestamp('2017-01-01 00:00:00', freq='AS-JAN'): 64968.59931189986}","{Timestamp('2016-01-01 00:00:00', freq='AS-JAN'): 1.7415074310752061, Timestamp('2017-01-01 00:00:00', freq='AS-JAN'): 22.966038922862026}",VAR,"{'ic': 'bic', 'maxlags': 12, 'trend': 'c'}",2016-07-01,"{Timestamp('2016-01-01 00:00:00', freq='AS-JAN'): 4.474845395061877, Timestamp('2017-01-01 00:00:00', freq='AS-JAN'): 33.63086832127172}","{Timestamp('2016-01-01 00:00:00', freq='AS-JAN'): 1.4618311854166564, Timestamp('2017-01-01 00:00:00', freq='AS-JAN'): -13.505232880989325}"
9,"['igae_sa', 'tc_mensual', 'tasa_cetes_91_mensual', 'inpc', 'ing_trib_sin_gasol_neto_(mdp)_r', 'importaciones_r', 'indic_mens_consumo']",None,"{Timestamp('2016-01-01 00:00:00', freq='AS-JAN'): -1.0798884653484038, Timestamp('2017-01-01 00:00:00', freq='AS-JAN'): -15.919815561940823}","{Timestamp('2016-01-01 00:00:00', freq='AS-JAN'): 210749.21786098927, Timestamp('2017-01-01 00:00:00', freq='AS-JAN'): -417559.52079556324}","{Timestamp('2016-01-01 00:00:00', freq='AS-JAN'): 28.273453640441403, Timestamp('2017-01-01 00:00:00', freq='AS-JAN'): 72.03935753283395}","{Timestamp('2016-01-01 00:00:00', freq='AS-JAN'): -43152.33020402817, Timestamp('2017-01-01 00:00:00', freq='AS-JAN'): -237263.21190064447}","{Timestamp('2016-01-01 00:00:00', freq='AS-JAN'): 3.4351550849473824, Timestamp('2017-01-01 00:00:00', freq='AS-JAN'): 38.839690607635475}",VAR,"{'ic': 'bic', 'maxlags': 12, 'trend': 'ct'}",2016-07-01,"{Timestamp('2016-01-01 00:00:00', freq='AS-JAN'): 2.930125473249845, Timestamp('2017-01-01 00:00:00', freq='AS-JAN'): 21.75012089552456}","{Timestamp('2016-01-01 00:00:00', freq='AS-JAN'): 1.0215844755948353, Timestamp('2017-01-01 00:00:00', freq='AS-JAN'): -16.997841470308344}"
10,"['igae_sa', 'tc_mensual', 'tasa_cetes_91_mensual', 'inpc', 'ing_trib_sin_gasol_neto_(mdp)_r', 'importaciones_r', 'indic_mens_consumo']",None,"{Timestamp('2016-01-01 00:00:00', freq='AS-JAN'): 1.636373277405255, Timestamp('2017-01-01 00:00:00', freq='AS-JAN'): 11.487628807122974}","{Timestamp('2016-01-01 00:00:00', freq='AS-JAN'): -1852.3237879658118, Timestamp('2017-01-01 00:00:00', freq='AS-JAN'): -432428.0258173086}","{Timestamp('2016-01-01 00:00:00', freq='AS-JAN'): 12.933190576986362, Timestamp('2017-01-01 00:00:00', freq='AS-JAN'): 39.540141592735154}","{Timestamp('2016-01-01 00:00:00', freq='AS-JAN'): 20044.34555036109, Timestamp('2017-01-01 00:00:00', freq='AS-JAN'): -83685.15227756044}","{Timestamp('2016-01-01 00:00:00', freq='AS-JAN'): 1.3716256303791852, Timestamp('2017-01-01 00:00:00', freq='AS-JAN'): 27.45271968356792}",VAR,"{'ic': 'fpe', 'maxlags': 12, 'trend': 'c'}",2016-07-01,"{Timestamp('2016-01-01 00:00:00', freq='AS-JAN'): 1.9360385507896964, Timestamp('2017-01-01 00:00:00', freq='AS-JAN'): 25.080022919785954}","{Timestamp('2016-01-01 00:00:00', freq='AS-JAN'): -2.897117482470975, Timestamp('2017-01-01 00:00:00', freq='AS-JAN'): -45.55227826602251}"
11,"['igae_sa', 'tc_mensual', 'tasa_cetes_91_mensual', 'inpc', 'ing_trib_sin_gasol_neto_(mdp)_r', 'importaciones_r', 'indic_mens_consumo']",None,"{Timestamp('2016-01-01 00:00:00', freq='AS-JAN'): 1.9377433664556065, Timestamp('2017-01-01 00:00:00', freq='AS-JAN'): 8.270617661250753}","{Timestamp('2016-01-01 00:00:00', freq='AS-JAN'): -27426.410146625713, Timestamp('2017-01-01 00:00:00', freq='AS-JAN'): -85908.07764858752}","{Timestamp('2016-01-01 00:00:00', freq='AS-JAN'): 12.854050953235856, Timestamp('2017-01-01 00:00:00', freq='AS-JAN'): 42.91335871167212}","{Timestamp('2016-01-01 00:00:00', freq='AS-JAN'): 19605.287015215028, Timestamp('2017-01-01 00:00:00', freq='AS-JAN'): -36961.46742131002}","{Timestamp('2016-01-01 00:00:00', freq='AS-JAN'): 1.1409429291190918, Timestamp('2017-01-01 00:00:00', freq='AS-JAN'): 29.92577137688636}",VAR,"{'ic': 'fpe', 'maxlags': 12, 'trend': 'ct'}",2016-07-01,"{Timestamp('2016-01-01 00:00:00', freq='AS-JAN'): 2.115410801619227, Timestamp('2017-01-01 00:00:00', freq='AS-JAN'): 22.216955720084066}","{Timestamp('2016-01-01 00:00:00', freq='AS-JAN'): -3.6027152624531595, Timestamp('2017-01-01 00:00:00', freq='AS-JAN'): -38.006041270408474}"
12,"['igae_sa', 'tc_mensual', 'tasa_cetes_91_mensual', 'inpc', 'ing_trib_sin_gasol_neto_(mdp)_r', 'importaciones_r', 'indic_mens_consumo']",None,"{Timestamp('2017-01-01 00:00:00', freq='AS-JAN'): -2.9996312898142605, Timestamp('2018-01-01 00:00:00', freq='AS-JAN'): -10.073741424049103}","{Timestamp('2017-01-01 00:00:00', freq='AS-JAN'): 25264.864516520873, Timestamp('2018-01-01 00:00:00', freq='AS-JAN'): 293616.295768125}","{Timestamp('2017-01-01 00:00:00', freq='AS-JAN'): -1.1175426658239758, Timestamp('2018-01-01 00:00:00', freq='AS-JAN'): 0.5122621859882202}","{Timestamp('2017-01-01 00:00:00', freq='AS-JAN'): 3564.8005510722287, Timestamp('2018-01-01 00:00:00', freq='AS-JAN'): -123323.92718348838}","{Timestamp('2017-01-01 00:00:00', freq='AS-JAN'): 6.907459366051626, Timestamp('2018-01-01 00:00:00', freq='AS-JAN'): 19.290688035998528}",VAR,"{'ic': 'aic', 'maxlags': 12, 'trend': 'c'}",2017-07-01,"{Timestamp('2017-01-01 00:00:00', freq='AS-JAN'): 6.03112487531871, Timestamp('2018-01-01 00:00:00', freq='AS-JAN'): 32.994862616416924}","{Timestamp('2017-01-01 00:00:00', freq='AS-JAN'): 4.239933423854069, Timestamp('2018-01-01 00:00:00', freq='AS-JAN'): 12.264673586061406}"
13,"['igae_sa', 'tc_mensual', 'tasa_cetes_91_mensual', 'inpc', 'ing_trib_sin_gasol_neto_(mdp)_r', 'importaciones_r', 'indic_mens_consumo']",None,"{Timestamp('2017-01-01 00:00:00', freq='AS-JAN'): -5.067405491933187, Timestamp('2018-01-01 00:00:00', freq='AS-JAN'): -28.1081638905448}","{Timestamp('2017-01-01 00:00:00', freq='AS-JAN'): 334638.74951236695, Timestamp('2018-01-01 00:00:00', freq='AS-JAN'): 1124528.9805363147}","{Timestamp('2017-01-01 00:00:00', freq='AS-JAN'): -1.4067784661876885, Timestamp('2018-01-01 00:00:00', freq='AS-JAN'): -6.47668007946595}","{Timestamp('2017-01-01 00:00:00', freq='AS-JAN'): 31387.28720063623, Timestamp('2018-01-01 00:00:00', freq='AS-JAN'): -78171.61899756547}","{Timestamp('2017-01-01 00:00:00', freq='AS-JAN'): 6.6948637775713, Timestamp('2018-01-01 00:00:00', freq='AS-JAN'): 29.880356962338283}",VAR,"{'ic': 'aic', 'maxlags': 12, 'trend': 'ct'}",2017-07-01,"{Timestamp('2017-01-01 00:00:00', freq='AS-JAN'): 2.714222421952087, Timestamp('2018-01-01 00:00:00', freq='AS-JAN'): 16.997480924681426}","{Timestamp('2017-01-01 00:00:00', freq='AS-JAN'): 9.95015956297732, Timestamp('2018-01-01 00:00:00', freq='AS-JAN'): 45.79627961187654}"
14,"['igae_sa', 'tc_mensual', 'tasa_cetes_91_mensual', 'inpc', 'ing_trib_sin_gasol_neto_(mdp)_r', 'importaciones_r', 'indic_mens_consumo']",None,"{Timestamp('2017-01-01 00:00:00', freq='AS-JAN'): -2.5829286202642834, Timestamp('2018-01-01 00:00:00', freq='AS-JAN'): -2.2377756262933417}","{Timestamp('2017-01-01 00:00:00', freq='AS-JAN'): 30817.48414937593, Timestamp('2018-01-01 00:00:00', freq='AS-JAN'): 156946.87334220856}","{Timestamp('2017-01-01 00:00:00', freq='AS-JAN'): 2.6609951786892907, Timestamp('2018-01-01 00:00:00', freq='AS-JAN'): -10.923468193508597}","{Timestamp('2017-01-01 00:00:00', freq='AS-JAN'): 17264.772171499673, Timestamp('2018-01-01 00:00:00', freq='AS-JAN'): 180484.58334459923}","{Timestamp('2017-01-01 00:00:00', freq='AS-JAN'): 3.300878423993254, Timestamp('2018-01-01 00:00:00', freq='AS-JAN'): 9.016074434320444}",VAR,"{'ic': 'bic', 'maxlags': 12, 'trend': 'c'}",2017-07-01,"{Timestamp('2017-01-01 00:00:00', freq='AS-JAN'): 1.880219486783048, Timestamp('2018-01-01 00:00:00', freq='AS-JAN'): 11.824901505303202}","{Timestamp('2017-01-01 00:00:00', freq='AS-JAN'): 1.157244940107887, Timestamp('2018-01-01 00:00:00', freq='AS-JAN'): 2.6486405974786464}"
15,"['igae_sa', 'tc_mensual', 'tasa_cetes_91_mensual', 'inpc', 'ing_trib_sin_gasol_neto_(mdp)_r', 'importaciones_r', 'indic_mens_consumo']",None,"{Timestamp('2017-01-01 00:00:00', freq='AS-JAN'): -4.737028913468976, Timestamp('2018-01-01 00:00:00', freq='AS-JAN'): -18.600480119471513}","{Timestamp('2017-01-01 00:00:00', freq='AS-JAN'): 38749.60570929013, Timestamp('2018-01-01 00:00:00', freq='AS-JAN'): 143075.3070511371}","{Timestamp('2017-01-01 00:00:00', freq='AS-JAN'): 5.779694724208412, Timestamp('2018-01-01 00:00:00', freq='AS-JAN'): 7.067212519117902}","{Timestamp('2017-01-01 00:00:00', freq='AS-JAN'): -11253.126771538518, Timestamp('2018-01-01 00:00:00', freq='AS-JAN'): 19817.090825829655}","{Timestamp('2017-01-01 00:00:00', freq='AS-JAN'): 4.21685968503084, Timestamp('2018-01-01 00:00:00', freq='AS-JAN'): 17.724426375493294}",VAR,"{'ic': 'bic', 'maxlags': 12, 'trend': 'ct'}",2017-07-01,"{Timestamp('2017-01-01 00:00:00', freq='AS-JAN'): -1.758653862026918, Timestamp('2018-01-01 00:00:00', freq='AS-JAN'): -19.236716193830475}","{Timestamp('2017-01-01 00:00:00', freq='AS-JAN'): 1.4361211202027278, Timestamp('2018-01-01 00:00:00', freq='AS-JAN'): 5.2208784781183795}"
16,"['igae_sa', 'tc_mensual', 'tasa_cetes_91_mensual', 'inpc', 'ing_trib_sin_gasol_neto_(mdp)_r', 'importaciones_r', 'indic_mens_consumo']",None,"{Timestamp('2017-01-01 00:00:00', freq='AS-JAN'): -2.9996312898142605, Timestamp('2018-01-01 00:00:00', freq='AS-JAN'): -10.073741424049103}","{Timestamp('2017-01-01 00:00:00', freq='AS-JAN'): 25264.864516520873, Timestamp('2018-01-01 00:00:00', freq='AS-JAN'): 293616.295768125}","{Timestamp('2017-01-01 00:00:00', freq='AS-JAN'): -1.1175426658239758, Timestamp('2018-01-01 00:00:00', freq='AS-JAN'): 0.5122621859882202}","{Timestamp('2017-01-01 00:00:00', freq='AS-JAN'): 3564.8005510722287, Timestamp('2018-01-01 00:00:00', freq='AS-JAN'): -123323.92718348838}","{Timestamp('2017-01-01 00:00:00', freq='AS-JAN'): 6.907459366051626, Timestamp('2018-01-01 00:00:00', freq='AS-JAN'): 19.290688035998528}",VAR,"{'ic': 'fpe', 'maxlags': 12, 'trend': 'c'}",2017-07-01,"{Timestamp('2017-01-01 00:00:00', freq='AS-JAN'): 6.03112487531871, Timestamp('2018-01-01 00:00:00', freq='AS-JAN'): 32.994862616416924}","{Timestamp('2017-01-01 00:00:00', freq='AS-JAN'): 4.239933423854069, Timestamp('2018-01-01 00:00:00', freq='AS-JAN'): 12.264673586061406}"
17,"['igae_sa', 'tc_mensual', 'tasa_cetes_91_mensual', 'inpc', 'ing_trib_sin_gasol_neto_(mdp)_r', 'importaciones_r', 'indic_mens_consumo']",None,"{Timestamp('2017-01-01 00:00:00', freq='AS-JAN'): -5.067405491933187, Timestamp('2018-01-01 00:00:00', freq='AS-JAN'): -28.1081638905448}","{Timestamp('2017-01-01 00:00:00', freq='AS-JAN'): 334638.74951236695, Timestamp('2018-01-01 00:00:00', freq='AS-JAN'): 1124528.9805363147}","{Timestamp('2017-01-01 00:00:00', freq='AS-JAN'): -1.4067784661876885, Timestamp('2018-01-01 00:00:00', freq='AS-JAN'): -6.47668007946595}","{Timestamp('2017-01-01 00:00:00', freq='AS-JAN'): 31387.28720063623, Timestamp('2018-01-01 00:00:00', freq='AS-JAN'): -78171.61899756547}","{Timestamp('2017-01-01 00:00:00', freq='AS-JAN'): 6.6948637775713, Timestamp('2018-01-01 00:00:00', freq='AS-JAN'): 29.880356962338283}",VAR,"{'ic': 'fpe', 'maxlags': 12, 'trend': 'ct'}",2017-07-01,"{Timestamp('2017-01-01 00:00:00', freq='AS-JAN'): 2.714222421952087, Timestamp('2018-01-01 00:00:00', freq='AS-JAN'): 16.997480924681426}","{Timestamp('2017-01-01 00:00:00', freq='AS-JAN'): 9.95015956297732, Timestamp('2018-01-01 00:00:00', freq='AS-JAN'): 45.79627961187654}"
18,"['igae_sa', 'tc_mensual', 'tasa_cetes_91_mensual', 'inpc', 'ing_trib_sin_gasol_neto_(mdp)_r', 'importaciones_r', 'indic_mens_consumo']",None,"{Timestamp('2018-01-01 00:00:00', freq='AS-JAN'): 0.7369102782533901, Timestamp('2019-01-01 00:00:00', freq='AS-JAN'): -694.2688105388885}","{Timestamp('2018-01-01 00:00:00', freq='AS-JAN'): -43597.18530437723, Timestamp('2019-01-01 00:00:00', freq='AS-JAN'): -5276316.377419601}","{Timestamp('2018-01-01 00:00:00', freq='AS-JAN'): 3.974048914799141, Timestamp('2019-01-01 00:00:00', freq='AS-JAN'): -733.8669216779989}","{Timestamp('2018-01-01 00:00:00', freq='AS-JAN'): -537.9721073266119, Timestamp('2019-01-01 00:00:00', freq='AS-JAN'): -1538133.4403171267}","{Timestamp('2018-01-01 00:00:00', freq='AS-JAN'): -0.15406213559072057, Timestamp('2019-01-01 00:00:00', freq='AS-JAN'): -626.4726257068706}",VAR,"{'ic': 'aic', 'maxlags': 12, 'trend': 'c'}",2018-07-01,"{Timestamp('2018-01-01 00:00:00', freq='AS-JAN'): 1.9406661893846149, Timestamp('2019-01-01 00:00:00', freq='AS-JAN'): -41.66897193962456}","{Timestamp('2018-01-01 00:00:00', freq='AS-JAN'): -9.77163251740788, Timestamp('2019-01-01 00:00:00', freq='AS-JAN'): -151.39383821424832}"
19,"['igae_sa', 'tc_mensual', 'tasa_cetes_91_mensual', 'inpc', 'ing_trib_sin_gasol_neto_(mdp)_r', 'importaciones_r', 'indic_mens_consumo']",None,"{Timestamp('2018-01-01 00:00:00', freq='AS-JAN'): -0.56090858692437, Timestamp('2019-01-01 00:00:00', freq='AS-JAN'): -697.6578945329478}","{Timestamp('2018-01-01 00:00:00', freq='AS-JAN'): 32079.954622501507, Timestamp('2019-01-01 00:00:00', freq='AS-JAN'): -4884107.471183102}","{Timestamp('2018-01-01 00:00:00', freq='AS-JAN'): 3.240074107433202, Timestamp('2019-01-01 00:00:00', freq='AS-JAN'): -734.7775207100057}","{Timestamp('2018-01-01 00:00:00', freq='AS-JAN'): 9036.070696702693, Timestamp('2019-01-01 00:00:00', freq='AS-JAN'): -1447974.536508043}","{Timestamp('2018-01-01 00:00:00', freq='AS-JAN'): -1.6216792800128133, Timestamp('2019-01-01 00:00:00', freq='AS-JAN'): -632.4512447195667}",VAR,"{'ic': 'aic', 'maxlags': 12, 'trend': 'ct'}",2018-07-01,"{Timestamp('2018-01-01 00:00:00', freq='AS-JAN'): -4.519891511583495, Timestamp('2019-01-01 00:00:00', freq='AS-JAN'): -87.8298811922032}","{Timestamp('2018-01-01 00:00:00', freq='AS-JAN'): -9.460509753085688, Timestamp('2019-01-01 00:00:00', freq='AS-JAN'): -143.71677364223592}"
20,"['igae_sa', 'tc_mensual', 'tasa_cetes_91_mensual', 'inpc', 'ing_trib_sin_gasol_neto_(mdp)_r', 'importaciones_r', 'indic_mens_consumo']",None,"{Timestamp('2018-01-01 00:00:00', freq='AS-JAN'): -1.0807942251294662, Timestamp('2019-01-01 00:00:00', freq='AS-JAN'): -703.6560475863765}","{Timestamp('2018-01-01 00:00:00', freq='AS-JAN'): -210561.90522442386, Timestamp('2019-01-01 00:00:00', freq='AS-JAN'): -6217245.595392666}","{Timestamp('2018-01-01 00:00:00', freq='AS-JAN'): 17.642871917122875, Timestamp('2019-01-01 00:00:00', freq='AS-JAN'): -714.8725437932231}","{Timestamp('2018-01-01 00:00:00', freq='AS-JAN'): -56705.42007815791, Timestamp('2019-01-01 00:00:00', freq='AS-JAN'): -1533545.1857957907}","{Timestamp('2018-01-01 00:00:00', freq='AS-JAN'): 2.554366059785707, Timestamp('2019-01-01 00:00:00', freq='AS-JAN'): -615.1049854440886}",VAR,"{'ic': 'bic', 'maxlags': 12, 'trend': 'c'}",2018-07-01,"{Timestamp('2018-01-01 00:00:00', freq='AS-JAN'): -0.6129347125595928, Timestamp('2019-01-01 00:00:00', freq='AS-JAN'): -50.23564571549482}","{Timestamp('2018-01-01 00:00:00', freq='AS-JAN'): -9.482828753900776, Timestamp('2019-01-01 00:00:00', freq='AS-JAN'): -149.73418788757357}"
21,"['igae_sa', 'tc_mensual', 'tasa_cetes_91_mensual', 'inpc', 'ing_trib_sin_gasol_neto_(mdp)_r', 'importaciones_r', 'indic_mens_consumo']",None,"{Timestamp('2018-01-01 00:00:00', freq='AS-JAN'): -2.551862897272258, Timestamp('2019-01-01 00:00:00', freq='AS-JAN'): -714.3989595421903}","{Timestamp('2018-01-01 00:00:00', freq='AS-JAN'): -223084.1354177855, Timestamp('2019-01-01 00:00:00', freq='AS-JAN'): -6389329.315609262}","{Timestamp('2018-01-01 00:00:00', freq='AS-JAN'): 21.163209217826306, Timestamp('2019-01-01 00:00:00', freq='AS-JAN'): -693.4164722636252}","{Timestamp('2018-01-01 00:00:00', freq='AS-JAN'): -88525.63162928447, Timestamp('2019-01-01 00:00:00', freq='AS-JAN'): -1720808.1965367158}","{Timestamp('2018-01-01 00:00:00', freq='AS-JAN'): 3.4125804631109986, Timestamp('2019-01-01 00:00:00', freq='AS-JAN'): -607.3615344839685}",VAR,"{'ic': 'bic', 'maxlags': 12, 'trend': 'ct'}",2018-07-01,"{Timestamp('2018-01-01 00:00:00', freq='AS-JAN'): -4.5132150378922375, Timestamp('2019-01-01 00:00:00', freq='AS-JAN'): -82.63132846130131}","{Timestamp('2018-01-01 00:00:00', freq='AS-JAN'): -9.823684187176411, Timestamp('2019-01-01 00:00:00', freq='AS-JAN'): -152.20789892562533}"
22,"['igae_sa', 'tc_mensual', 'tasa_cetes_91_mensual', 'inpc', 'ing_trib_sin_gasol_neto_(mdp)_r', 'importaciones_r', 'indic_mens_consumo']",None,"{Timestamp('2018-01-01 00:00:00', freq='AS-JAN'): 0.7369102782533901, Timestamp('2019-01-01 00:00:00', freq='AS-JAN'): -694.2688105388885}","{Timestamp('2018-01-01 00:00:00', freq='AS-JAN'): -43597.18530437723, Timestamp('2019-01-01 00:00:00', freq='AS-JAN'): -5276316.377419601}","{Timestamp('2018-01-01 00:00:00', freq='AS-JAN'): 3.974048914799141, Timestamp('2019-01-01 00:00:00', freq='AS-JAN'): -733.8669216779989}","{Timestamp('2018-01-01 00:00:00', freq='AS-JAN'): -537.9721073266119, Timestamp('2019-01-01 00:00:00', freq='AS-JAN'): -1538133.4403171267}","{Timestamp('2018-01-01 00:00:00', freq='AS-JAN'): -0.15406213559072057, Timestamp('2019-01-01 00:00:00', freq='AS-JAN'): -626.4726257068706}",VAR,"{'ic': 'fpe', 'maxlags': 12, 'trend': 'c'}",2018-07-01,"{Timestamp('2018-01-01 00:00:00', freq='AS-JAN'): 1.9406661893846149, Timestamp('2019-01-01 00:00:00', freq='AS-JAN'): -41.66897193962456}","{Timestamp('2018-01-01 00:00:00', freq='AS-JAN'): -9.77163251740788, Timestamp('2019-01-01 00:00:00', freq='AS-JAN'): -151.39383821424832}"
23,"['igae_sa', 'tc_mensual', 'tasa_cetes_91_mensual', 'inpc', 'ing_trib_sin_gasol_neto_(mdp)_r', 'importaciones_r', 'indic_mens_consumo']",None,"{Timestamp('2018-01-01 00:00:00', freq='AS-JAN'): -0.56090858692437, Timestamp('2019-01-01 00:00:00', freq='AS-JAN'): -697.6578945329478}","{Timestamp('2018-01-01 00:00:00', freq='AS-JAN'): 32079.954622501507, Timestamp('2019-01-01 00:00:00', freq='AS-JAN'): -4884107.471183102}","{Timestamp('2018-01-01 00:00:00', freq='AS-JAN'): 3.240074107433202, Timestamp('2019-01-01 00:00:00', freq='AS-JAN'): -734.7775207100057}","{Timestamp('2018-01-01 00:00:00', freq='AS-JAN'): 9036.070696702693, Timestamp('2019-01-01 00:00:00', freq='AS-JAN'): -1447974.536508043}","{Timestamp('2018-01-01 00:00:00', freq='AS-JAN'): -1.6216792800128133, Timestamp('2019-01-01 00:00:00', freq='AS-JAN'): -632.4512447195667}",VAR,"{'ic': 'fpe', 'maxlags': 12, 'trend': 'ct'}",2018-07-01,"{Timestamp('2018-01-01 00:00:00', freq='AS-JAN'): -4.519891511583495, Timestamp('2019-01-01 00:00:00', freq='AS-JAN'): -87.8298811922032}","{Timestamp('2018-01-01 00:00:00', freq='AS-JAN'): -9.460509753085688, Timestamp('2019-01-01 00:00:00', freq='AS-JAN'): -143.71677364223592}"
