,endog_vars,exog_vars,ing_trib_neto_(mdp)_r,model,params,split_date
0,['ing_trib_neto_(mdp)_r'],"['igae_sa', 'inpc', 'tasa_cetes_91_mensual', 'tc_mensual', 'commodity_price_index', 'importaciones_r', 'indic_mens_consumo']","{Timestamp('2015-01-01 00:00:00', freq='AS-JAN'): -178740.99609844666, Timestamp('2016-01-01 00:00:00', freq='AS-JAN'): -380027.51840683306}",ARIMA,"{'order': (2, 0, 2)}",2015-07-01
1,['ing_trib_neto_(mdp)_r'],"['igae_sa', 'inpc', 'tasa_cetes_91_mensual', 'tc_mensual', 'commodity_price_index', 'importaciones_r', 'indic_mens_consumo']","{Timestamp('2015-01-01 00:00:00', freq='AS-JAN'): -164656.7544877231, Timestamp('2016-01-01 00:00:00', freq='AS-JAN'): -349255.58825050946}",ARIMA,"{'order': (2, 0, 3)}",2015-07-01
2,['ing_trib_neto_(mdp)_r'],"['igae_sa', 'inpc', 'tasa_cetes_91_mensual', 'tc_mensual', 'commodity_price_index', 'importaciones_r', 'indic_mens_consumo']","{Timestamp('2015-01-01 00:00:00', freq='AS-JAN'): -77071.2461359445, Timestamp('2016-01-01 00:00:00', freq='AS-JAN'): -113848.87148969248}",ARIMA,"{'order': (2, 0, 4)}",2015-07-01
3,['ing_trib_neto_(mdp)_r'],"['igae_sa', 'inpc', 'tasa_cetes_91_mensual', 'tc_mensual', 'commodity_price_index', 'importaciones_r', 'indic_mens_consumo']","{Timestamp('2015-01-01 00:00:00', freq='AS-JAN'): -121696.27197810542, Timestamp('2016-01-01 00:00:00', freq='AS-JAN'): -236193.76694557304}",ARIMA,"{'order': (3, 0, 2)}",2015-07-01
4,['ing_trib_neto_(mdp)_r'],"['igae_sa', 'inpc', 'tasa_cetes_91_mensual', 'tc_mensual', 'commodity_price_index', 'importaciones_r', 'indic_mens_consumo']","{Timestamp('2015-01-01 00:00:00', freq='AS-JAN'): -110870.59823499201, Timestamp('2016-01-01 00:00:00', freq='AS-JAN'): -201915.62008887902}",ARIMA,"{'order': (3, 0, 3)}",2015-07-01
5,['ing_trib_neto_(mdp)_r'],"['igae_sa', 'inpc', 'tasa_cetes_91_mensual', 'tc_mensual', 'commodity_price_index', 'importaciones_r', 'indic_mens_consumo']","{Timestamp('2015-01-01 00:00:00', freq='AS-JAN'): -114355.13740994502, Timestamp('2016-01-01 00:00:00', freq='AS-JAN'): -210157.82446394116}",ARIMA,"{'order': (3, 0, 4)}",2015-07-01
6,['ing_trib_neto_(mdp)_r'],"['igae_sa', 'inpc', 'tasa_cetes_91_mensual', 'tc_mensual', 'commodity_price_index', 'importaciones_r', 'indic_mens_consumo']","{Timestamp('2015-01-01 00:00:00', freq='AS-JAN'): -105808.7059251829, Timestamp('2016-01-01 00:00:00', freq='AS-JAN'): -176312.91408712696}",ARIMA,"{'order': (4, 0, 2)}",2015-07-01
7,['ing_trib_neto_(mdp)_r'],"['igae_sa', 'inpc', 'tasa_cetes_91_mensual', 'tc_mensual', 'commodity_price_index', 'importaciones_r', 'indic_mens_consumo']","{Timestamp('2015-01-01 00:00:00', freq='AS-JAN'): -114433.77177320467, Timestamp('2016-01-01 00:00:00', freq='AS-JAN'): -211866.51577441953}",ARIMA,"{'order': (4, 0, 3)}",2015-07-01
8,['ing_trib_neto_(mdp)_r'],"['igae_sa', 'inpc', 'tasa_cetes_91_mensual', 'tc_mensual', 'commodity_price_index', 'importaciones_r', 'indic_mens_consumo']","{Timestamp('2015-01-01 00:00:00', freq='AS-JAN'): -107465.25316525577, Timestamp('2016-01-01 00:00:00', freq='AS-JAN'): -192336.97911138553}",ARIMA,"{'order': (4, 0, 4)}",2015-07-01
9,['ing_trib_neto_(mdp)_r'],"['igae_sa', 'inpc', 'tasa_cetes_91_mensual', 'tc_mensual', 'commodity_price_index', 'importaciones_r', 'indic_mens_consumo']","{Timestamp('2016-01-01 00:00:00', freq='AS-JAN'): 55644.20383909345, Timestamp('2017-01-01 00:00:00', freq='AS-JAN'): -115881.31342131551}",ARIMA,"{'order': (2, 0, 2)}",2016-07-01
10,['ing_trib_neto_(mdp)_r'],"['igae_sa', 'inpc', 'tasa_cetes_91_mensual', 'tc_mensual', 'commodity_price_index', 'importaciones_r', 'indic_mens_consumo']","{Timestamp('2016-01-01 00:00:00', freq='AS-JAN'): 58608.44065666245, Timestamp('2017-01-01 00:00:00', freq='AS-JAN'): -108047.79078414105}",ARIMA,"{'order': (2, 0, 3)}",2016-07-01
11,['ing_trib_neto_(mdp)_r'],"['igae_sa', 'inpc', 'tasa_cetes_91_mensual', 'tc_mensual', 'commodity_price_index', 'importaciones_r', 'indic_mens_consumo']","{Timestamp('2016-01-01 00:00:00', freq='AS-JAN'): 43290.02378769824, Timestamp('2017-01-01 00:00:00', freq='AS-JAN'): -146709.91987701692}",ARIMA,"{'order': (2, 0, 4)}",2016-07-01
12,['ing_trib_neto_(mdp)_r'],"['igae_sa', 'inpc', 'tasa_cetes_91_mensual', 'tc_mensual', 'commodity_price_index', 'importaciones_r', 'indic_mens_consumo']","{Timestamp('2016-01-01 00:00:00', freq='AS-JAN'): 55160.833375035785, Timestamp('2017-01-01 00:00:00', freq='AS-JAN'): -132616.93352128658}",ARIMA,"{'order': (3, 0, 2)}",2016-07-01
13,['ing_trib_neto_(mdp)_r'],"['igae_sa', 'inpc', 'tasa_cetes_91_mensual', 'tc_mensual', 'commodity_price_index', 'importaciones_r', 'indic_mens_consumo']","{Timestamp('2016-01-01 00:00:00', freq='AS-JAN'): 50838.0752090062, Timestamp('2017-01-01 00:00:00', freq='AS-JAN'): -187315.6394369593}",ARIMA,"{'order': (3, 0, 3)}",2016-07-01
14,['ing_trib_neto_(mdp)_r'],"['igae_sa', 'inpc', 'tasa_cetes_91_mensual', 'tc_mensual', 'commodity_price_index', 'importaciones_r', 'indic_mens_consumo']","{Timestamp('2016-01-01 00:00:00', freq='AS-JAN'): 51094.93714802712, Timestamp('2017-01-01 00:00:00', freq='AS-JAN'): -113858.76520997426}",ARIMA,"{'order': (3, 0, 4)}",2016-07-01
15,['ing_trib_neto_(mdp)_r'],"['igae_sa', 'inpc', 'tasa_cetes_91_mensual', 'tc_mensual', 'commodity_price_index', 'importaciones_r', 'indic_mens_consumo']","{Timestamp('2016-01-01 00:00:00', freq='AS-JAN'): 38066.3515590881, Timestamp('2017-01-01 00:00:00', freq='AS-JAN'): -167069.7225200818}",ARIMA,"{'order': (4, 0, 2)}",2016-07-01
16,['ing_trib_neto_(mdp)_r'],"['igae_sa', 'inpc', 'tasa_cetes_91_mensual', 'tc_mensual', 'commodity_price_index', 'importaciones_r', 'indic_mens_consumo']","{Timestamp('2016-01-01 00:00:00', freq='AS-JAN'): 33347.48556290055, Timestamp('2017-01-01 00:00:00', freq='AS-JAN'): -226988.83277732693}",ARIMA,"{'order': (4, 0, 3)}",2016-07-01
17,['ing_trib_neto_(mdp)_r'],"['igae_sa', 'inpc', 'tasa_cetes_91_mensual', 'tc_mensual', 'commodity_price_index', 'importaciones_r', 'indic_mens_consumo']","{Timestamp('2016-01-01 00:00:00', freq='AS-JAN'): 51363.94034643518, Timestamp('2017-01-01 00:00:00', freq='AS-JAN'): -110504.86651877873}",ARIMA,"{'order': (4, 0, 4)}",2016-07-01
18,['ing_trib_neto_(mdp)_r'],"['igae_sa', 'inpc', 'tasa_cetes_91_mensual', 'tc_mensual', 'commodity_price_index', 'importaciones_r', 'indic_mens_consumo']","{Timestamp('2017-01-01 00:00:00', freq='AS-JAN'): -143400.92308183946, Timestamp('2018-01-01 00:00:00', freq='AS-JAN'): -306090.28986302996}",ARIMA,"{'order': (2, 0, 2)}",2017-07-01
19,['ing_trib_neto_(mdp)_r'],"['igae_sa', 'inpc', 'tasa_cetes_91_mensual', 'tc_mensual', 'commodity_price_index', 'importaciones_r', 'indic_mens_consumo']","{Timestamp('2017-01-01 00:00:00', freq='AS-JAN'): -125092.9613792575, Timestamp('2018-01-01 00:00:00', freq='AS-JAN'): -292297.2247924083}",ARIMA,"{'order': (2, 0, 3)}",2017-07-01
20,['ing_trib_neto_(mdp)_r'],"['igae_sa', 'inpc', 'tasa_cetes_91_mensual', 'tc_mensual', 'commodity_price_index', 'importaciones_r', 'indic_mens_consumo']","{Timestamp('2017-01-01 00:00:00', freq='AS-JAN'): -134893.85565274023, Timestamp('2018-01-01 00:00:00', freq='AS-JAN'): -296202.77094573434}",ARIMA,"{'order': (2, 0, 4)}",2017-07-01
21,['ing_trib_neto_(mdp)_r'],"['igae_sa', 'inpc', 'tasa_cetes_91_mensual', 'tc_mensual', 'commodity_price_index', 'importaciones_r', 'indic_mens_consumo']","{Timestamp('2017-01-01 00:00:00', freq='AS-JAN'): -134004.22279490903, Timestamp('2018-01-01 00:00:00', freq='AS-JAN'): -301992.2907418981}",ARIMA,"{'order': (3, 0, 2)}",2017-07-01
22,['ing_trib_neto_(mdp)_r'],"['igae_sa', 'inpc', 'tasa_cetes_91_mensual', 'tc_mensual', 'commodity_price_index', 'importaciones_r', 'indic_mens_consumo']","{Timestamp('2017-01-01 00:00:00', freq='AS-JAN'): -115598.61998824636, Timestamp('2018-01-01 00:00:00', freq='AS-JAN'): -285672.30158407753}",ARIMA,"{'order': (3, 0, 3)}",2017-07-01
23,['ing_trib_neto_(mdp)_r'],"['igae_sa', 'inpc', 'tasa_cetes_91_mensual', 'tc_mensual', 'commodity_price_index', 'importaciones_r', 'indic_mens_consumo']","{Timestamp('2017-01-01 00:00:00', freq='AS-JAN'): -140837.6007199199, Timestamp('2018-01-01 00:00:00', freq='AS-JAN'): -311614.6120216069}",ARIMA,"{'order': (3, 0, 4)}",2017-07-01
24,['ing_trib_neto_(mdp)_r'],"['igae_sa', 'inpc', 'tasa_cetes_91_mensual', 'tc_mensual', 'commodity_price_index', 'importaciones_r', 'indic_mens_consumo']","{Timestamp('2017-01-01 00:00:00', freq='AS-JAN'): -128035.79327573115, Timestamp('2018-01-01 00:00:00', freq='AS-JAN'): -292409.3869343363}",ARIMA,"{'order': (4, 0, 2)}",2017-07-01
25,['ing_trib_neto_(mdp)_r'],"['igae_sa', 'inpc', 'tasa_cetes_91_mensual', 'tc_mensual', 'commodity_price_index', 'importaciones_r', 'indic_mens_consumo']","{Timestamp('2017-01-01 00:00:00', freq='AS-JAN'): -126664.9432499609, Timestamp('2018-01-01 00:00:00', freq='AS-JAN'): -296808.94741288945}",ARIMA,"{'order': (4, 0, 3)}",2017-07-01
26,['ing_trib_neto_(mdp)_r'],"['igae_sa', 'inpc', 'tasa_cetes_91_mensual', 'tc_mensual', 'commodity_price_index', 'importaciones_r', 'indic_mens_consumo']","{Timestamp('2017-01-01 00:00:00', freq='AS-JAN'): -130736.63469238952, Timestamp('2018-01-01 00:00:00', freq='AS-JAN'): -303086.40665485896}",ARIMA,"{'order': (4, 0, 4)}",2017-07-01
27,['ing_trib_neto_(mdp)_r'],"['igae_sa', 'inpc', 'tasa_cetes_91_mensual', 'tc_mensual', 'commodity_price_index', 'importaciones_r', 'indic_mens_consumo']","{Timestamp('2018-01-01 00:00:00', freq='AS-JAN'): 26136.78002112964, Timestamp('2019-01-01 00:00:00', freq='AS-JAN'): -1621289.7003135718}",ARIMA,"{'order': (2, 0, 2)}",2018-07-01
28,['ing_trib_neto_(mdp)_r'],"['igae_sa', 'inpc', 'tasa_cetes_91_mensual', 'tc_mensual', 'commodity_price_index', 'importaciones_r', 'indic_mens_consumo']","{Timestamp('2018-01-01 00:00:00', freq='AS-JAN'): 22190.159334522672, Timestamp('2019-01-01 00:00:00', freq='AS-JAN'): -1636901.0965476274}",ARIMA,"{'order': (2, 0, 3)}",2018-07-01
29,['ing_trib_neto_(mdp)_r'],"['igae_sa', 'inpc', 'tasa_cetes_91_mensual', 'tc_mensual', 'commodity_price_index', 'importaciones_r', 'indic_mens_consumo']","{Timestamp('2018-01-01 00:00:00', freq='AS-JAN'): 8489.083836668171, Timestamp('2019-01-01 00:00:00', freq='AS-JAN'): -1661387.4166405834}",ARIMA,"{'order': (2, 0, 4)}",2018-07-01
30,['ing_trib_neto_(mdp)_r'],"['igae_sa', 'inpc', 'tasa_cetes_91_mensual', 'tc_mensual', 'commodity_price_index', 'importaciones_r', 'indic_mens_consumo']","{Timestamp('2018-01-01 00:00:00', freq='AS-JAN'): 13251.687599031255, Timestamp('2019-01-01 00:00:00', freq='AS-JAN'): -1645010.4481153549}",ARIMA,"{'order': (3, 0, 2)}",2018-07-01
31,['ing_trib_neto_(mdp)_r'],"['igae_sa', 'inpc', 'tasa_cetes_91_mensual', 'tc_mensual', 'commodity_price_index', 'importaciones_r', 'indic_mens_consumo']","{Timestamp('2018-01-01 00:00:00', freq='AS-JAN'): -3340.341014105361, Timestamp('2019-01-01 00:00:00', freq='AS-JAN'): -1710628.9381220294}",ARIMA,"{'order': (3, 0, 3)}",2018-07-01
32,['ing_trib_neto_(mdp)_r'],"['igae_sa', 'inpc', 'tasa_cetes_91_mensual', 'tc_mensual', 'commodity_price_index', 'importaciones_r', 'indic_mens_consumo']","{Timestamp('2018-01-01 00:00:00', freq='AS-JAN'): 14441.995608037338, Timestamp('2019-01-01 00:00:00', freq='AS-JAN'): -1645915.616894355}",ARIMA,"{'order': (3, 0, 4)}",2018-07-01
33,['ing_trib_neto_(mdp)_r'],"['igae_sa', 'inpc', 'tasa_cetes_91_mensual', 'tc_mensual', 'commodity_price_index', 'importaciones_r', 'indic_mens_consumo']","{Timestamp('2018-01-01 00:00:00', freq='AS-JAN'): 5203.3698591799475, Timestamp('2019-01-01 00:00:00', freq='AS-JAN'): -1660909.5843076394}",ARIMA,"{'order': (4, 0, 2)}",2018-07-01
34,['ing_trib_neto_(mdp)_r'],"['igae_sa', 'inpc', 'tasa_cetes_91_mensual', 'tc_mensual', 'commodity_price_index', 'importaciones_r', 'indic_mens_consumo']","{Timestamp('2018-01-01 00:00:00', freq='AS-JAN'): 7124.0322951735, Timestamp('2019-01-01 00:00:00', freq='AS-JAN'): -1667216.3620436648}",ARIMA,"{'order': (4, 0, 3)}",2018-07-01
35,['ing_trib_neto_(mdp)_r'],"['igae_sa', 'inpc', 'tasa_cetes_91_mensual', 'tc_mensual', 'commodity_price_index', 'importaciones_r', 'indic_mens_consumo']","{Timestamp('2018-01-01 00:00:00', freq='AS-JAN'): 24899.40244443249, Timestamp('2019-01-01 00:00:00', freq='AS-JAN'): -1624383.211756046}",ARIMA,"{'order': (4, 0, 4)}",2018-07-01
36,['ing_trib_neto_(mdp)_r'],"['igae_sa', 'inpc', 'tasa_cetes_91_mensual', 'tc_mensual', 'commodity_price_index', 'importaciones_r', 'indic_mens_consumo']","{Timestamp('2015-01-01 00:00:00', freq='AS-JAN'): -44376.4007930099, Timestamp('2016-01-01 00:00:00', freq='AS-JAN'): 137460.49899230478}",SARIMA,"{'enforce_invertibility': False, 'enforce_stationarity': False, 'order': (2, 0, 2), 'seasonal_order': (0, 0, 0, 12)}",2015-07-01
37,['ing_trib_neto_(mdp)_r'],"['igae_sa', 'inpc', 'tasa_cetes_91_mensual', 'tc_mensual', 'commodity_price_index', 'importaciones_r', 'indic_mens_consumo']","{Timestamp('2015-01-01 00:00:00', freq='AS-JAN'): -139169.81363961333, Timestamp('2016-01-01 00:00:00', freq='AS-JAN'): -276727.7738224161}",SARIMA,"{'enforce_invertibility': False, 'enforce_stationarity': False, 'order': (2, 0, 2), 'seasonal_order': (0, 0, 1, 12)}",2015-07-01
38,['ing_trib_neto_(mdp)_r'],"['igae_sa', 'inpc', 'tasa_cetes_91_mensual', 'tc_mensual', 'commodity_price_index', 'importaciones_r', 'indic_mens_consumo']","{Timestamp('2015-01-01 00:00:00', freq='AS-JAN'): -54489.82570633013, Timestamp('2016-01-01 00:00:00', freq='AS-JAN'): -74027.99949327623}",SARIMA,"{'enforce_invertibility': False, 'enforce_stationarity': False, 'order': (2, 0, 2), 'seasonal_order': (1, 0, 0, 12)}",2015-07-01
39,['ing_trib_neto_(mdp)_r'],"['igae_sa', 'inpc', 'tasa_cetes_91_mensual', 'tc_mensual', 'commodity_price_index', 'importaciones_r', 'indic_mens_consumo']","{Timestamp('2015-01-01 00:00:00', freq='AS-JAN'): -45995.50069142692, Timestamp('2016-01-01 00:00:00', freq='AS-JAN'): 179571.85557125183}",SARIMA,"{'enforce_invertibility': False, 'enforce_stationarity': False, 'order': (2, 0, 2), 'seasonal_order': (1, 0, 1, 12)}",2015-07-01
40,['ing_trib_neto_(mdp)_r'],"['igae_sa', 'inpc', 'tasa_cetes_91_mensual', 'tc_mensual', 'commodity_price_index', 'importaciones_r', 'indic_mens_consumo']","{Timestamp('2015-01-01 00:00:00', freq='AS-JAN'): -92144.38031192776, Timestamp('2016-01-01 00:00:00', freq='AS-JAN'): -21499.74193416536}",SARIMA,"{'enforce_invertibility': False, 'enforce_stationarity': False, 'order': (2, 0, 3), 'seasonal_order': (0, 0, 0, 12)}",2015-07-01
41,['ing_trib_neto_(mdp)_r'],"['igae_sa', 'inpc', 'tasa_cetes_91_mensual', 'tc_mensual', 'commodity_price_index', 'importaciones_r', 'indic_mens_consumo']","{Timestamp('2015-01-01 00:00:00', freq='AS-JAN'): -211902.80553873256, Timestamp('2016-01-01 00:00:00', freq='AS-JAN'): -465058.59950480657}",SARIMA,"{'enforce_invertibility': False, 'enforce_stationarity': False, 'order': (2, 0, 3), 'seasonal_order': (0, 0, 1, 12)}",2015-07-01
42,['ing_trib_neto_(mdp)_r'],"['igae_sa', 'inpc', 'tasa_cetes_91_mensual', 'tc_mensual', 'commodity_price_index', 'importaciones_r', 'indic_mens_consumo']","{Timestamp('2015-01-01 00:00:00', freq='AS-JAN'): -105627.59573705355, Timestamp('2016-01-01 00:00:00', freq='AS-JAN'): -164656.46374951396}",SARIMA,"{'enforce_invertibility': False, 'enforce_stationarity': False, 'order': (2, 0, 3), 'seasonal_order': (1, 0, 0, 12)}",2015-07-01
43,['ing_trib_neto_(mdp)_r'],"['igae_sa', 'inpc', 'tasa_cetes_91_mensual', 'tc_mensual', 'commodity_price_index', 'importaciones_r', 'indic_mens_consumo']","{Timestamp('2015-01-01 00:00:00', freq='AS-JAN'): -35964.77549598552, Timestamp('2016-01-01 00:00:00', freq='AS-JAN'): 172346.7957106121}",SARIMA,"{'enforce_invertibility': False, 'enforce_stationarity': False, 'order': (2, 0, 3), 'seasonal_order': (1, 0, 1, 12)}",2015-07-01
44,['ing_trib_neto_(mdp)_r'],"['igae_sa', 'inpc', 'tasa_cetes_91_mensual', 'tc_mensual', 'commodity_price_index', 'importaciones_r', 'indic_mens_consumo']","{Timestamp('2015-01-01 00:00:00', freq='AS-JAN'): -133750.0121040591, Timestamp('2016-01-01 00:00:00', freq='AS-JAN'): -162638.6521223057}",SARIMA,"{'enforce_invertibility': False, 'enforce_stationarity': False, 'order': (3, 0, 2), 'seasonal_order': (0, 0, 0, 12)}",2015-07-01
45,['ing_trib_neto_(mdp)_r'],"['igae_sa', 'inpc', 'tasa_cetes_91_mensual', 'tc_mensual', 'commodity_price_index', 'importaciones_r', 'indic_mens_consumo']","{Timestamp('2015-01-01 00:00:00', freq='AS-JAN'): -170920.80625765864, Timestamp('2016-01-01 00:00:00', freq='AS-JAN'): -281596.3858873416}",SARIMA,"{'enforce_invertibility': False, 'enforce_stationarity': False, 'order': (3, 0, 2), 'seasonal_order': (0, 0, 1, 12)}",2015-07-01
46,['ing_trib_neto_(mdp)_r'],"['igae_sa', 'inpc', 'tasa_cetes_91_mensual', 'tc_mensual', 'commodity_price_index', 'importaciones_r', 'indic_mens_consumo']","{Timestamp('2015-01-01 00:00:00', freq='AS-JAN'): -94777.47859120369, Timestamp('2016-01-01 00:00:00', freq='AS-JAN'): -151244.90259948652}",SARIMA,"{'enforce_invertibility': False, 'enforce_stationarity': False, 'order': (3, 0, 2), 'seasonal_order': (1, 0, 0, 12)}",2015-07-01
47,['ing_trib_neto_(mdp)_r'],"['igae_sa', 'inpc', 'tasa_cetes_91_mensual', 'tc_mensual', 'commodity_price_index', 'importaciones_r', 'indic_mens_consumo']","{Timestamp('2015-01-01 00:00:00', freq='AS-JAN'): -95324.3769211024, Timestamp('2016-01-01 00:00:00', freq='AS-JAN'): -4854.6828596722335}",SARIMA,"{'enforce_invertibility': False, 'enforce_stationarity': False, 'order': (3, 0, 2), 'seasonal_order': (1, 0, 1, 12)}",2015-07-01
48,['ing_trib_neto_(mdp)_r'],"['igae_sa', 'inpc', 'tasa_cetes_91_mensual', 'tc_mensual', 'commodity_price_index', 'importaciones_r', 'indic_mens_consumo']","{Timestamp('2015-01-01 00:00:00', freq='AS-JAN'): -171876.86578695197, Timestamp('2016-01-01 00:00:00', freq='AS-JAN'): -263385.1790577732}",SARIMA,"{'enforce_invertibility': False, 'enforce_stationarity': False, 'order': (3, 0, 3), 'seasonal_order': (0, 0, 0, 12)}",2015-07-01
49,['ing_trib_neto_(mdp)_r'],"['igae_sa', 'inpc', 'tasa_cetes_91_mensual', 'tc_mensual', 'commodity_price_index', 'importaciones_r', 'indic_mens_consumo']","{Timestamp('2015-01-01 00:00:00', freq='AS-JAN'): -181423.155731719, Timestamp('2016-01-01 00:00:00', freq='AS-JAN'): -360060.7516185846}",SARIMA,"{'enforce_invertibility': False, 'enforce_stationarity': False, 'order': (3, 0, 3), 'seasonal_order': (0, 0, 1, 12)}",2015-07-01
50,['ing_trib_neto_(mdp)_r'],"['igae_sa', 'inpc', 'tasa_cetes_91_mensual', 'tc_mensual', 'commodity_price_index', 'importaciones_r', 'indic_mens_consumo']","{Timestamp('2015-01-01 00:00:00', freq='AS-JAN'): -112810.15761574637, Timestamp('2016-01-01 00:00:00', freq='AS-JAN'): -118969.1603454426}",SARIMA,"{'enforce_invertibility': False, 'enforce_stationarity': False, 'order': (3, 0, 3), 'seasonal_order': (1, 0, 0, 12)}",2015-07-01
51,['ing_trib_neto_(mdp)_r'],"['igae_sa', 'inpc', 'tasa_cetes_91_mensual', 'tc_mensual', 'commodity_price_index', 'importaciones_r', 'indic_mens_consumo']","{Timestamp('2015-01-01 00:00:00', freq='AS-JAN'): -135030.31716323597, Timestamp('2016-01-01 00:00:00', freq='AS-JAN'): -132464.24813835043}",SARIMA,"{'enforce_invertibility': False, 'enforce_stationarity': False, 'order': (3, 0, 3), 'seasonal_order': (1, 0, 1, 12)}",2015-07-01
52,['ing_trib_neto_(mdp)_r'],"['igae_sa', 'inpc', 'tasa_cetes_91_mensual', 'tc_mensual', 'commodity_price_index', 'importaciones_r', 'indic_mens_consumo']","{Timestamp('2016-01-01 00:00:00', freq='AS-JAN'): -96851.05569389835, Timestamp('2017-01-01 00:00:00', freq='AS-JAN'): -708621.84552057}",SARIMA,"{'enforce_invertibility': False, 'enforce_stationarity': False, 'order': (2, 0, 2), 'seasonal_order': (0, 0, 0, 12)}",2016-07-01
53,['ing_trib_neto_(mdp)_r'],"['igae_sa', 'inpc', 'tasa_cetes_91_mensual', 'tc_mensual', 'commodity_price_index', 'importaciones_r', 'indic_mens_consumo']","{Timestamp('2016-01-01 00:00:00', freq='AS-JAN'): -74292.88543826714, Timestamp('2017-01-01 00:00:00', freq='AS-JAN'): -590647.0835580905}",SARIMA,"{'enforce_invertibility': False, 'enforce_stationarity': False, 'order': (2, 0, 2), 'seasonal_order': (0, 0, 1, 12)}",2016-07-01
54,['ing_trib_neto_(mdp)_r'],"['igae_sa', 'inpc', 'tasa_cetes_91_mensual', 'tc_mensual', 'commodity_price_index', 'importaciones_r', 'indic_mens_consumo']","{Timestamp('2016-01-01 00:00:00', freq='AS-JAN'): -23330.759648679756, Timestamp('2017-01-01 00:00:00', freq='AS-JAN'): -570070.1150764218}",SARIMA,"{'enforce_invertibility': False, 'enforce_stationarity': False, 'order': (2, 0, 2), 'seasonal_order': (1, 0, 0, 12)}",2016-07-01
55,['ing_trib_neto_(mdp)_r'],"['igae_sa', 'inpc', 'tasa_cetes_91_mensual', 'tc_mensual', 'commodity_price_index', 'importaciones_r', 'indic_mens_consumo']","{Timestamp('2016-01-01 00:00:00', freq='AS-JAN'): -30324.300842010416, Timestamp('2017-01-01 00:00:00', freq='AS-JAN'): -506868.1374247959}",SARIMA,"{'enforce_invertibility': False, 'enforce_stationarity': False, 'order': (2, 0, 2), 'seasonal_order': (1, 0, 1, 12)}",2016-07-01
56,['ing_trib_neto_(mdp)_r'],"['igae_sa', 'inpc', 'tasa_cetes_91_mensual', 'tc_mensual', 'commodity_price_index', 'importaciones_r', 'indic_mens_consumo']","{Timestamp('2016-01-01 00:00:00', freq='AS-JAN'): -67451.59990520077, Timestamp('2017-01-01 00:00:00', freq='AS-JAN'): -564940.6615134296}",SARIMA,"{'enforce_invertibility': False, 'enforce_stationarity': False, 'order': (2, 0, 3), 'seasonal_order': (0, 0, 0, 12)}",2016-07-01
57,['ing_trib_neto_(mdp)_r'],"['igae_sa', 'inpc', 'tasa_cetes_91_mensual', 'tc_mensual', 'commodity_price_index', 'importaciones_r', 'indic_mens_consumo']","{Timestamp('2016-01-01 00:00:00', freq='AS-JAN'): -83234.87390855374, Timestamp('2017-01-01 00:00:00', freq='AS-JAN'): -636800.9993423875}",SARIMA,"{'enforce_invertibility': False, 'enforce_stationarity': False, 'order': (2, 0, 3), 'seasonal_order': (0, 0, 1, 12)}",2016-07-01
58,['ing_trib_neto_(mdp)_r'],"['igae_sa', 'inpc', 'tasa_cetes_91_mensual', 'tc_mensual', 'commodity_price_index', 'importaciones_r', 'indic_mens_consumo']","{Timestamp('2016-01-01 00:00:00', freq='AS-JAN'): -34422.124983927235, Timestamp('2017-01-01 00:00:00', freq='AS-JAN'): -649926.7280281875}",SARIMA,"{'enforce_invertibility': False, 'enforce_stationarity': False, 'order': (2, 0, 3), 'seasonal_order': (1, 0, 0, 12)}",2016-07-01
59,['ing_trib_neto_(mdp)_r'],"['igae_sa', 'inpc', 'tasa_cetes_91_mensual', 'tc_mensual', 'commodity_price_index', 'importaciones_r', 'indic_mens_consumo']","{Timestamp('2016-01-01 00:00:00', freq='AS-JAN'): -10715.630028898362, Timestamp('2017-01-01 00:00:00', freq='AS-JAN'): -463167.3335391944}",SARIMA,"{'enforce_invertibility': False, 'enforce_stationarity': False, 'order': (2, 0, 3), 'seasonal_order': (1, 0, 1, 12)}",2016-07-01
60,['ing_trib_neto_(mdp)_r'],"['igae_sa', 'inpc', 'tasa_cetes_91_mensual', 'tc_mensual', 'commodity_price_index', 'importaciones_r', 'indic_mens_consumo']","{Timestamp('2016-01-01 00:00:00', freq='AS-JAN'): -74650.2221095385, Timestamp('2017-01-01 00:00:00', freq='AS-JAN'): -609791.8933871007}",SARIMA,"{'enforce_invertibility': False, 'enforce_stationarity': False, 'order': (3, 0, 2), 'seasonal_order': (0, 0, 0, 12)}",2016-07-01
61,['ing_trib_neto_(mdp)_r'],"['igae_sa', 'inpc', 'tasa_cetes_91_mensual', 'tc_mensual', 'commodity_price_index', 'importaciones_r', 'indic_mens_consumo']","{Timestamp('2016-01-01 00:00:00', freq='AS-JAN'): -50489.25998489652, Timestamp('2017-01-01 00:00:00', freq='AS-JAN'): -459775.1504092524}",SARIMA,"{'enforce_invertibility': False, 'enforce_stationarity': False, 'order': (3, 0, 2), 'seasonal_order': (0, 0, 1, 12)}",2016-07-01
62,['ing_trib_neto_(mdp)_r'],"['igae_sa', 'inpc', 'tasa_cetes_91_mensual', 'tc_mensual', 'commodity_price_index', 'importaciones_r', 'indic_mens_consumo']","{Timestamp('2016-01-01 00:00:00', freq='AS-JAN'): -8353.16317777289, Timestamp('2017-01-01 00:00:00', freq='AS-JAN'): -487898.5659598615}",SARIMA,"{'enforce_invertibility': False, 'enforce_stationarity': False, 'order': (3, 0, 2), 'seasonal_order': (1, 0, 0, 12)}",2016-07-01
63,['ing_trib_neto_(mdp)_r'],"['igae_sa', 'inpc', 'tasa_cetes_91_mensual', 'tc_mensual', 'commodity_price_index', 'importaciones_r', 'indic_mens_consumo']","{Timestamp('2016-01-01 00:00:00', freq='AS-JAN'): -46477.37258022418, Timestamp('2017-01-01 00:00:00', freq='AS-JAN'): -665818.3167064032}",SARIMA,"{'enforce_invertibility': False, 'enforce_stationarity': False, 'order': (3, 0, 2), 'seasonal_order': (1, 0, 1, 12)}",2016-07-01
64,['ing_trib_neto_(mdp)_r'],"['igae_sa', 'inpc', 'tasa_cetes_91_mensual', 'tc_mensual', 'commodity_price_index', 'importaciones_r', 'indic_mens_consumo']","{Timestamp('2016-01-01 00:00:00', freq='AS-JAN'): -112635.94563760748, Timestamp('2017-01-01 00:00:00', freq='AS-JAN'): -707597.3360852436}",SARIMA,"{'enforce_invertibility': False, 'enforce_stationarity': False, 'order': (3, 0, 3), 'seasonal_order': (0, 0, 0, 12)}",2016-07-01
65,['ing_trib_neto_(mdp)_r'],"['igae_sa', 'inpc', 'tasa_cetes_91_mensual', 'tc_mensual', 'commodity_price_index', 'importaciones_r', 'indic_mens_consumo']","{Timestamp('2016-01-01 00:00:00', freq='AS-JAN'): -74642.80481617898, Timestamp('2017-01-01 00:00:00', freq='AS-JAN'): -584335.9454146316}",SARIMA,"{'enforce_invertibility': False, 'enforce_stationarity': False, 'order': (3, 0, 3), 'seasonal_order': (0, 0, 1, 12)}",2016-07-01
66,['ing_trib_neto_(mdp)_r'],"['igae_sa', 'inpc', 'tasa_cetes_91_mensual', 'tc_mensual', 'commodity_price_index', 'importaciones_r', 'indic_mens_consumo']","{Timestamp('2016-01-01 00:00:00', freq='AS-JAN'): -15113.75712623028, Timestamp('2017-01-01 00:00:00', freq='AS-JAN'): -600982.964872228}",SARIMA,"{'enforce_invertibility': False, 'enforce_stationarity': False, 'order': (3, 0, 3), 'seasonal_order': (1, 0, 0, 12)}",2016-07-01
67,['ing_trib_neto_(mdp)_r'],"['igae_sa', 'inpc', 'tasa_cetes_91_mensual', 'tc_mensual', 'commodity_price_index', 'importaciones_r', 'indic_mens_consumo']","{Timestamp('2016-01-01 00:00:00', freq='AS-JAN'): -11373.768986365292, Timestamp('2017-01-01 00:00:00', freq='AS-JAN'): -468252.3737193318}",SARIMA,"{'enforce_invertibility': False, 'enforce_stationarity': False, 'order': (3, 0, 3), 'seasonal_order': (1, 0, 1, 12)}",2016-07-01
68,['ing_trib_neto_(mdp)_r'],"['igae_sa', 'inpc', 'tasa_cetes_91_mensual', 'tc_mensual', 'commodity_price_index', 'importaciones_r', 'indic_mens_consumo']","{Timestamp('2017-01-01 00:00:00', freq='AS-JAN'): -112409.19181336835, Timestamp('2018-01-01 00:00:00', freq='AS-JAN'): -327170.03378066747}",SARIMA,"{'enforce_invertibility': False, 'enforce_stationarity': False, 'order': (2, 0, 2), 'seasonal_order': (0, 0, 0, 12)}",2017-07-01
69,['ing_trib_neto_(mdp)_r'],"['igae_sa', 'inpc', 'tasa_cetes_91_mensual', 'tc_mensual', 'commodity_price_index', 'importaciones_r', 'indic_mens_consumo']","{Timestamp('2017-01-01 00:00:00', freq='AS-JAN'): -91624.15796461515, Timestamp('2018-01-01 00:00:00', freq='AS-JAN'): -438329.4519698289}",SARIMA,"{'enforce_invertibility': False, 'enforce_stationarity': False, 'order': (2, 0, 2), 'seasonal_order': (0, 0, 1, 12)}",2017-07-01
70,['ing_trib_neto_(mdp)_r'],"['igae_sa', 'inpc', 'tasa_cetes_91_mensual', 'tc_mensual', 'commodity_price_index', 'importaciones_r', 'indic_mens_consumo']","{Timestamp('2017-01-01 00:00:00', freq='AS-JAN'): -80182.41601535352, Timestamp('2018-01-01 00:00:00', freq='AS-JAN'): -453995.2284978847}",SARIMA,"{'enforce_invertibility': False, 'enforce_stationarity': False, 'order': (2, 0, 2), 'seasonal_order': (1, 0, 0, 12)}",2017-07-01
71,['ing_trib_neto_(mdp)_r'],"['igae_sa', 'inpc', 'tasa_cetes_91_mensual', 'tc_mensual', 'commodity_price_index', 'importaciones_r', 'indic_mens_consumo']","{Timestamp('2017-01-01 00:00:00', freq='AS-JAN'): 8619.693698559422, Timestamp('2018-01-01 00:00:00', freq='AS-JAN'): -105636.94492738694}",SARIMA,"{'enforce_invertibility': False, 'enforce_stationarity': False, 'order': (2, 0, 2), 'seasonal_order': (1, 0, 1, 12)}",2017-07-01
72,['ing_trib_neto_(mdp)_r'],"['igae_sa', 'inpc', 'tasa_cetes_91_mensual', 'tc_mensual', 'commodity_price_index', 'importaciones_r', 'indic_mens_consumo']","{Timestamp('2017-01-01 00:00:00', freq='AS-JAN'): -162211.1323231673, Timestamp('2018-01-01 00:00:00', freq='AS-JAN'): -349261.83859527484}",SARIMA,"{'enforce_invertibility': False, 'enforce_stationarity': False, 'order': (2, 0, 3), 'seasonal_order': (0, 0, 0, 12)}",2017-07-01
73,['ing_trib_neto_(mdp)_r'],"['igae_sa', 'inpc', 'tasa_cetes_91_mensual', 'tc_mensual', 'commodity_price_index', 'importaciones_r', 'indic_mens_consumo']","{Timestamp('2017-01-01 00:00:00', freq='AS-JAN'): -77135.92898733355, Timestamp('2018-01-01 00:00:00', freq='AS-JAN'): -433967.50018567825}",SARIMA,"{'enforce_invertibility': False, 'enforce_stationarity': False, 'order': (2, 0, 3), 'seasonal_order': (0, 0, 1, 12)}",2017-07-01
74,['ing_trib_neto_(mdp)_r'],"['igae_sa', 'inpc', 'tasa_cetes_91_mensual', 'tc_mensual', 'commodity_price_index', 'importaciones_r', 'indic_mens_consumo']","{Timestamp('2017-01-01 00:00:00', freq='AS-JAN'): -69635.6542769, Timestamp('2018-01-01 00:00:00', freq='AS-JAN'): -329969.8792710691}",SARIMA,"{'enforce_invertibility': False, 'enforce_stationarity': False, 'order': (2, 0, 3), 'seasonal_order': (1, 0, 0, 12)}",2017-07-01
75,['ing_trib_neto_(mdp)_r'],"['igae_sa', 'inpc', 'tasa_cetes_91_mensual', 'tc_mensual', 'commodity_price_index', 'importaciones_r', 'indic_mens_consumo']","{Timestamp('2017-01-01 00:00:00', freq='AS-JAN'): -27187.658851468004, Timestamp('2018-01-01 00:00:00', freq='AS-JAN'): -254456.67106827954}",SARIMA,"{'enforce_invertibility': False, 'enforce_stationarity': False, 'order': (2, 0, 3), 'seasonal_order': (1, 0, 1, 12)}",2017-07-01
76,['ing_trib_neto_(mdp)_r'],"['igae_sa', 'inpc', 'tasa_cetes_91_mensual', 'tc_mensual', 'commodity_price_index', 'importaciones_r', 'indic_mens_consumo']","{Timestamp('2017-01-01 00:00:00', freq='AS-JAN'): -164376.346141967, Timestamp('2018-01-01 00:00:00', freq='AS-JAN'): -385265.97928800015}",SARIMA,"{'enforce_invertibility': False, 'enforce_stationarity': False, 'order': (3, 0, 2), 'seasonal_order': (0, 0, 0, 12)}",2017-07-01
77,['ing_trib_neto_(mdp)_r'],"['igae_sa', 'inpc', 'tasa_cetes_91_mensual', 'tc_mensual', 'commodity_price_index', 'importaciones_r', 'indic_mens_consumo']","{Timestamp('2017-01-01 00:00:00', freq='AS-JAN'): -82582.07130802562, Timestamp('2018-01-01 00:00:00', freq='AS-JAN'): -354855.4779851036}",SARIMA,"{'enforce_invertibility': False, 'enforce_stationarity': False, 'order': (3, 0, 2), 'seasonal_order': (0, 0, 1, 12)}",2017-07-01
78,['ing_trib_neto_(mdp)_r'],"['igae_sa', 'inpc', 'tasa_cetes_91_mensual', 'tc_mensual', 'commodity_price_index', 'importaciones_r', 'indic_mens_consumo']","{Timestamp('2017-01-01 00:00:00', freq='AS-JAN'): -75468.33490436384, Timestamp('2018-01-01 00:00:00', freq='AS-JAN'): -303544.6347511192}",SARIMA,"{'enforce_invertibility': False, 'enforce_stationarity': False, 'order': (3, 0, 2), 'seasonal_order': (1, 0, 0, 12)}",2017-07-01
79,['ing_trib_neto_(mdp)_r'],"['igae_sa', 'inpc', 'tasa_cetes_91_mensual', 'tc_mensual', 'commodity_price_index', 'importaciones_r', 'indic_mens_consumo']","{Timestamp('2017-01-01 00:00:00', freq='AS-JAN'): -23409.375059176702, Timestamp('2018-01-01 00:00:00', freq='AS-JAN'): -333018.12681300147}",SARIMA,"{'enforce_invertibility': False, 'enforce_stationarity': False, 'order': (3, 0, 2), 'seasonal_order': (1, 0, 1, 12)}",2017-07-01
80,['ing_trib_neto_(mdp)_r'],"['igae_sa', 'inpc', 'tasa_cetes_91_mensual', 'tc_mensual', 'commodity_price_index', 'importaciones_r', 'indic_mens_consumo']","{Timestamp('2017-01-01 00:00:00', freq='AS-JAN'): -151009.66809308995, Timestamp('2018-01-01 00:00:00', freq='AS-JAN'): -453301.51719926344}",SARIMA,"{'enforce_invertibility': False, 'enforce_stationarity': False, 'order': (3, 0, 3), 'seasonal_order': (0, 0, 0, 12)}",2017-07-01
81,['ing_trib_neto_(mdp)_r'],"['igae_sa', 'inpc', 'tasa_cetes_91_mensual', 'tc_mensual', 'commodity_price_index', 'importaciones_r', 'indic_mens_consumo']","{Timestamp('2017-01-01 00:00:00', freq='AS-JAN'): -87881.74286014726, Timestamp('2018-01-01 00:00:00', freq='AS-JAN'): -421375.2543922211}",SARIMA,"{'enforce_invertibility': False, 'enforce_stationarity': False, 'order': (3, 0, 3), 'seasonal_order': (0, 0, 1, 12)}",2017-07-01
82,['ing_trib_neto_(mdp)_r'],"['igae_sa', 'inpc', 'tasa_cetes_91_mensual', 'tc_mensual', 'commodity_price_index', 'importaciones_r', 'indic_mens_consumo']","{Timestamp('2017-01-01 00:00:00', freq='AS-JAN'): -53232.49791997252, Timestamp('2018-01-01 00:00:00', freq='AS-JAN'): -311070.24961260473}",SARIMA,"{'enforce_invertibility': False, 'enforce_stationarity': False, 'order': (3, 0, 3), 'seasonal_order': (1, 0, 0, 12)}",2017-07-01
83,['ing_trib_neto_(mdp)_r'],"['igae_sa', 'inpc', 'tasa_cetes_91_mensual', 'tc_mensual', 'commodity_price_index', 'importaciones_r', 'indic_mens_consumo']","{Timestamp('2017-01-01 00:00:00', freq='AS-JAN'): -4562.373273561709, Timestamp('2018-01-01 00:00:00', freq='AS-JAN'): -151022.68711939128}",SARIMA,"{'enforce_invertibility': False, 'enforce_stationarity': False, 'order': (3, 0, 3), 'seasonal_order': (1, 0, 1, 12)}",2017-07-01
84,['ing_trib_neto_(mdp)_r'],"['igae_sa', 'inpc', 'tasa_cetes_91_mensual', 'tc_mensual', 'commodity_price_index', 'importaciones_r', 'indic_mens_consumo']","{Timestamp('2018-01-01 00:00:00', freq='AS-JAN'): -129527.31532087689, Timestamp('2019-01-01 00:00:00', freq='AS-JAN'): -2157962.2585029327}",SARIMA,"{'enforce_invertibility': False, 'enforce_stationarity': False, 'order': (2, 0, 2), 'seasonal_order': (0, 0, 0, 12)}",2018-07-01
85,['ing_trib_neto_(mdp)_r'],"['igae_sa', 'inpc', 'tasa_cetes_91_mensual', 'tc_mensual', 'commodity_price_index', 'importaciones_r', 'indic_mens_consumo']","{Timestamp('2018-01-01 00:00:00', freq='AS-JAN'): -104994.99944851501, Timestamp('2019-01-01 00:00:00', freq='AS-JAN'): -2088532.5276348433}",SARIMA,"{'enforce_invertibility': False, 'enforce_stationarity': False, 'order': (2, 0, 2), 'seasonal_order': (0, 0, 1, 12)}",2018-07-01
86,['ing_trib_neto_(mdp)_r'],"['igae_sa', 'inpc', 'tasa_cetes_91_mensual', 'tc_mensual', 'commodity_price_index', 'importaciones_r', 'indic_mens_consumo']","{Timestamp('2018-01-01 00:00:00', freq='AS-JAN'): -58731.11187154846, Timestamp('2019-01-01 00:00:00', freq='AS-JAN'): -1886478.5495051267}",SARIMA,"{'enforce_invertibility': False, 'enforce_stationarity': False, 'order': (2, 0, 2), 'seasonal_order': (1, 0, 0, 12)}",2018-07-01
87,['ing_trib_neto_(mdp)_r'],"['igae_sa', 'inpc', 'tasa_cetes_91_mensual', 'tc_mensual', 'commodity_price_index', 'importaciones_r', 'indic_mens_consumo']","{Timestamp('2018-01-01 00:00:00', freq='AS-JAN'): -48461.33424141072, Timestamp('2019-01-01 00:00:00', freq='AS-JAN'): -1876467.0444835355}",SARIMA,"{'enforce_invertibility': False, 'enforce_stationarity': False, 'order': (2, 0, 2), 'seasonal_order': (1, 0, 1, 12)}",2018-07-01
88,['ing_trib_neto_(mdp)_r'],"['igae_sa', 'inpc', 'tasa_cetes_91_mensual', 'tc_mensual', 'commodity_price_index', 'importaciones_r', 'indic_mens_consumo']","{Timestamp('2018-01-01 00:00:00', freq='AS-JAN'): -83260.75052589597, Timestamp('2019-01-01 00:00:00', freq='AS-JAN'): -1962824.7433386426}",SARIMA,"{'enforce_invertibility': False, 'enforce_stationarity': False, 'order': (2, 0, 3), 'seasonal_order': (0, 0, 0, 12)}",2018-07-01
89,['ing_trib_neto_(mdp)_r'],"['igae_sa', 'inpc', 'tasa_cetes_91_mensual', 'tc_mensual', 'commodity_price_index', 'importaciones_r', 'indic_mens_consumo']","{Timestamp('2018-01-01 00:00:00', freq='AS-JAN'): -100517.40128901647, Timestamp('2019-01-01 00:00:00', freq='AS-JAN'): -2139151.782297107}",SARIMA,"{'enforce_invertibility': False, 'enforce_stationarity': False, 'order': (2, 0, 3), 'seasonal_order': (0, 0, 1, 12)}",2018-07-01
90,['ing_trib_neto_(mdp)_r'],"['igae_sa', 'inpc', 'tasa_cetes_91_mensual', 'tc_mensual', 'commodity_price_index', 'importaciones_r', 'indic_mens_consumo']","{Timestamp('2018-01-01 00:00:00', freq='AS-JAN'): -37078.156516053714, Timestamp('2019-01-01 00:00:00', freq='AS-JAN'): -1849692.1465040548}",SARIMA,"{'enforce_invertibility': False, 'enforce_stationarity': False, 'order': (2, 0, 3), 'seasonal_order': (1, 0, 0, 12)}",2018-07-01
91,['ing_trib_neto_(mdp)_r'],"['igae_sa', 'inpc', 'tasa_cetes_91_mensual', 'tc_mensual', 'commodity_price_index', 'importaciones_r', 'indic_mens_consumo']","{Timestamp('2018-01-01 00:00:00', freq='AS-JAN'): -24543.156057092827, Timestamp('2019-01-01 00:00:00', freq='AS-JAN'): -1785428.7755874163}",SARIMA,"{'enforce_invertibility': False, 'enforce_stationarity': False, 'order': (2, 0, 3), 'seasonal_order': (1, 0, 1, 12)}",2018-07-01
92,['ing_trib_neto_(mdp)_r'],"['igae_sa', 'inpc', 'tasa_cetes_91_mensual', 'tc_mensual', 'commodity_price_index', 'importaciones_r', 'indic_mens_consumo']","{Timestamp('2018-01-01 00:00:00', freq='AS-JAN'): -78984.15878320392, Timestamp('2019-01-01 00:00:00', freq='AS-JAN'): -1950492.465416776}",SARIMA,"{'enforce_invertibility': False, 'enforce_stationarity': False, 'order': (3, 0, 2), 'seasonal_order': (0, 0, 0, 12)}",2018-07-01
93,['ing_trib_neto_(mdp)_r'],"['igae_sa', 'inpc', 'tasa_cetes_91_mensual', 'tc_mensual', 'commodity_price_index', 'importaciones_r', 'indic_mens_consumo']","{Timestamp('2018-01-01 00:00:00', freq='AS-JAN'): -61475.60484421952, Timestamp('2019-01-01 00:00:00', freq='AS-JAN'): -1980125.4796295804}",SARIMA,"{'enforce_invertibility': False, 'enforce_stationarity': False, 'order': (3, 0, 2), 'seasonal_order': (0, 0, 1, 12)}",2018-07-01
94,['ing_trib_neto_(mdp)_r'],"['igae_sa', 'inpc', 'tasa_cetes_91_mensual', 'tc_mensual', 'commodity_price_index', 'importaciones_r', 'indic_mens_consumo']","{Timestamp('2018-01-01 00:00:00', freq='AS-JAN'): -47827.8443264598, Timestamp('2019-01-01 00:00:00', freq='AS-JAN'): -1907730.0771920928}",SARIMA,"{'enforce_invertibility': False, 'enforce_stationarity': False, 'order': (3, 0, 2), 'seasonal_order': (1, 0, 0, 12)}",2018-07-01
95,['ing_trib_neto_(mdp)_r'],"['igae_sa', 'inpc', 'tasa_cetes_91_mensual', 'tc_mensual', 'commodity_price_index', 'importaciones_r', 'indic_mens_consumo']","{Timestamp('2018-01-01 00:00:00', freq='AS-JAN'): -28223.385067633353, Timestamp('2019-01-01 00:00:00', freq='AS-JAN'): -1818309.1810992681}",SARIMA,"{'enforce_invertibility': False, 'enforce_stationarity': False, 'order': (3, 0, 2), 'seasonal_order': (1, 0, 1, 12)}",2018-07-01
96,['ing_trib_neto_(mdp)_r'],"['igae_sa', 'inpc', 'tasa_cetes_91_mensual', 'tc_mensual', 'commodity_price_index', 'importaciones_r', 'indic_mens_consumo']","{Timestamp('2018-01-01 00:00:00', freq='AS-JAN'): -122391.81999817258, Timestamp('2019-01-01 00:00:00', freq='AS-JAN'): -2109793.4675370213}",SARIMA,"{'enforce_invertibility': False, 'enforce_stationarity': False, 'order': (3, 0, 3), 'seasonal_order': (0, 0, 0, 12)}",2018-07-01
97,['ing_trib_neto_(mdp)_r'],"['igae_sa', 'inpc', 'tasa_cetes_91_mensual', 'tc_mensual', 'commodity_price_index', 'importaciones_r', 'indic_mens_consumo']","{Timestamp('2018-01-01 00:00:00', freq='AS-JAN'): -106112.34192816308, Timestamp('2019-01-01 00:00:00', freq='AS-JAN'): -2080215.2228194345}",SARIMA,"{'enforce_invertibility': False, 'enforce_stationarity': False, 'order': (3, 0, 3), 'seasonal_order': (0, 0, 1, 12)}",2018-07-01
98,['ing_trib_neto_(mdp)_r'],"['igae_sa', 'inpc', 'tasa_cetes_91_mensual', 'tc_mensual', 'commodity_price_index', 'importaciones_r', 'indic_mens_consumo']","{Timestamp('2018-01-01 00:00:00', freq='AS-JAN'): -54319.41210696567, Timestamp('2019-01-01 00:00:00', freq='AS-JAN'): -1906764.7869588686}",SARIMA,"{'enforce_invertibility': False, 'enforce_stationarity': False, 'order': (3, 0, 3), 'seasonal_order': (1, 0, 0, 12)}",2018-07-01
99,['ing_trib_neto_(mdp)_r'],"['igae_sa', 'inpc', 'tasa_cetes_91_mensual', 'tc_mensual', 'commodity_price_index', 'importaciones_r', 'indic_mens_consumo']","{Timestamp('2018-01-01 00:00:00', freq='AS-JAN'): -51435.690147461835, Timestamp('2019-01-01 00:00:00', freq='AS-JAN'): -1897466.5861112406}",SARIMA,"{'enforce_invertibility': False, 'enforce_stationarity': False, 'order': (3, 0, 3), 'seasonal_order': (1, 0, 1, 12)}",2018-07-01
