,endog_vars,exog_vars,igae_sa,importaciones_r,indic_mens_consumo,ing_trib_neto_(mdp)_r,inpc,model,params,split_date,tasa_cetes_91_mensual,tc_mensual
0,"['igae_sa', 'tc_mensual', 'tasa_cetes_91_mensual', 'inpc', 'ing_trib_neto_(mdp)_r', 'importaciones_r', 'indic_mens_consumo']",None,"{Timestamp('2015-01-01 00:00:00', freq='AS-JAN'): -7.045056558592705, Timestamp('2016-01-01 00:00:00', freq='AS-JAN'): -38.69417456038468}","{Timestamp('2015-01-01 00:00:00', freq='AS-JAN'): -242847.27031851932, Timestamp('2016-01-01 00:00:00', freq='AS-JAN'): -971196.9309571367}","{Timestamp('2015-01-01 00:00:00', freq='AS-JAN'): 17.94330968634131, Timestamp('2016-01-01 00:00:00', freq='AS-JAN'): 51.76561261501547}","{Timestamp('2015-01-01 00:00:00', freq='AS-JAN'): -132022.09524109634, Timestamp('2016-01-01 00:00:00', freq='AS-JAN'): 211830.03879013984}","{Timestamp('2015-01-01 00:00:00', freq='AS-JAN'): 2.6624247955982128, Timestamp('2016-01-01 00:00:00', freq='AS-JAN'): 3.520846018280281}",VAR,"{'ic': 'aic', 'maxlags': 12, 'trend': 'c'}",2015-07-01,"{Timestamp('2015-01-01 00:00:00', freq='AS-JAN'): -5.982552787790759, Timestamp('2016-01-01 00:00:00', freq='AS-JAN'): -13.026462232915229}","{Timestamp('2015-01-01 00:00:00', freq='AS-JAN'): 1.7692371354847012, Timestamp('2016-01-01 00:00:00', freq='AS-JAN'): 25.321745677056867}"
1,"['igae_sa', 'tc_mensual', 'tasa_cetes_91_mensual', 'inpc', 'ing_trib_neto_(mdp)_r', 'importaciones_r', 'indic_mens_consumo']",None,"{Timestamp('2015-01-01 00:00:00', freq='AS-JAN'): -4.441599012955294, Timestamp('2016-01-01 00:00:00', freq='AS-JAN'): -28.51098712045814}","{Timestamp('2015-01-01 00:00:00', freq='AS-JAN'): -484906.92724162433, Timestamp('2016-01-01 00:00:00', freq='AS-JAN'): -1371179.6326672547}","{Timestamp('2015-01-01 00:00:00', freq='AS-JAN'): 18.848659663592343, Timestamp('2016-01-01 00:00:00', freq='AS-JAN'): 56.90905558179725}","{Timestamp('2015-01-01 00:00:00', freq='AS-JAN'): -95052.87048699753, Timestamp('2016-01-01 00:00:00', freq='AS-JAN'): 288725.0371324569}","{Timestamp('2015-01-01 00:00:00', freq='AS-JAN'): 2.3858118955089367, Timestamp('2016-01-01 00:00:00', freq='AS-JAN'): -3.4844037115808533}",VAR,"{'ic': 'aic', 'maxlags': 12, 'trend': 'ct'}",2015-07-01,"{Timestamp('2015-01-01 00:00:00', freq='AS-JAN'): -4.866144109578357, Timestamp('2016-01-01 00:00:00', freq='AS-JAN'): -9.810781516330024}","{Timestamp('2015-01-01 00:00:00', freq='AS-JAN'): -2.143109732077761, Timestamp('2016-01-01 00:00:00', freq='AS-JAN'): 4.826222170006702}"
2,"['igae_sa', 'tc_mensual', 'tasa_cetes_91_mensual', 'inpc', 'ing_trib_neto_(mdp)_r', 'importaciones_r', 'indic_mens_consumo']",None,"{Timestamp('2015-01-01 00:00:00', freq='AS-JAN'): 1.3461241735524254, Timestamp('2016-01-01 00:00:00', freq='AS-JAN'): 4.867256771399752}","{Timestamp('2015-01-01 00:00:00', freq='AS-JAN'): 131633.8888672674, Timestamp('2016-01-01 00:00:00', freq='AS-JAN'): 139302.62367808633}","{Timestamp('2015-01-01 00:00:00', freq='AS-JAN'): 19.265870087395797, Timestamp('2016-01-01 00:00:00', freq='AS-JAN'): 37.053899140956446}","{Timestamp('2015-01-01 00:00:00', freq='AS-JAN'): -11765.64541206183, Timestamp('2016-01-01 00:00:00', freq='AS-JAN'): 452003.58146277815}","{Timestamp('2015-01-01 00:00:00', freq='AS-JAN'): 5.206145688207357, Timestamp('2016-01-01 00:00:00', freq='AS-JAN'): 13.124588160581197}",VAR,"{'ic': 'bic', 'maxlags': 12, 'trend': 'c'}",2015-07-01,"{Timestamp('2015-01-01 00:00:00', freq='AS-JAN'): 0.32366303240601724, Timestamp('2016-01-01 00:00:00', freq='AS-JAN'): 15.48441010940283}","{Timestamp('2015-01-01 00:00:00', freq='AS-JAN'): 5.196164517222854, Timestamp('2016-01-01 00:00:00', freq='AS-JAN'): 27.664889635384043}"
3,"['igae_sa', 'tc_mensual', 'tasa_cetes_91_mensual', 'inpc', 'ing_trib_neto_(mdp)_r', 'importaciones_r', 'indic_mens_consumo']",None,"{Timestamp('2015-01-01 00:00:00', freq='AS-JAN'): 1.2857678797565768, Timestamp('2016-01-01 00:00:00', freq='AS-JAN'): -4.941061281183693}","{Timestamp('2015-01-01 00:00:00', freq='AS-JAN'): 132056.10117246117, Timestamp('2016-01-01 00:00:00', freq='AS-JAN'): 193575.1554318471}","{Timestamp('2015-01-01 00:00:00', freq='AS-JAN'): 19.360450294386737, Timestamp('2016-01-01 00:00:00', freq='AS-JAN'): 51.29827987317208}","{Timestamp('2015-01-01 00:00:00', freq='AS-JAN'): -13042.0151841552, Timestamp('2016-01-01 00:00:00', freq='AS-JAN'): 279438.5365786385}","{Timestamp('2015-01-01 00:00:00', freq='AS-JAN'): 5.232912345239924, Timestamp('2016-01-01 00:00:00', freq='AS-JAN'): 18.090392793182446}",VAR,"{'ic': 'bic', 'maxlags': 12, 'trend': 'ct'}",2015-07-01,"{Timestamp('2015-01-01 00:00:00', freq='AS-JAN'): 0.30449934445775284, Timestamp('2016-01-01 00:00:00', freq='AS-JAN'): 12.5096976394289}","{Timestamp('2015-01-01 00:00:00', freq='AS-JAN'): 5.207634265048483, Timestamp('2016-01-01 00:00:00', freq='AS-JAN'): 29.719224616512633}"
4,"['igae_sa', 'tc_mensual', 'tasa_cetes_91_mensual', 'inpc', 'ing_trib_neto_(mdp)_r', 'importaciones_r', 'indic_mens_consumo']",None,"{Timestamp('2015-01-01 00:00:00', freq='AS-JAN'): -5.20218040165264, Timestamp('2016-01-01 00:00:00', freq='AS-JAN'): -16.40094606595767}","{Timestamp('2015-01-01 00:00:00', freq='AS-JAN'): -173171.72874081694, Timestamp('2016-01-01 00:00:00', freq='AS-JAN'): -649404.5993968099}","{Timestamp('2015-01-01 00:00:00', freq='AS-JAN'): 19.611210331897155, Timestamp('2016-01-01 00:00:00', freq='AS-JAN'): 69.03741875049263}","{Timestamp('2015-01-01 00:00:00', freq='AS-JAN'): -119083.63484546728, Timestamp('2016-01-01 00:00:00', freq='AS-JAN'): 68785.17055462301}","{Timestamp('2015-01-01 00:00:00', freq='AS-JAN'): 3.0143414517690417, Timestamp('2016-01-01 00:00:00', freq='AS-JAN'): 3.8191493031970367}",VAR,"{'ic': 'fpe', 'maxlags': 12, 'trend': 'c'}",2015-07-01,"{Timestamp('2015-01-01 00:00:00', freq='AS-JAN'): -4.033075172056222, Timestamp('2016-01-01 00:00:00', freq='AS-JAN'): -1.3864829878570148}","{Timestamp('2015-01-01 00:00:00', freq='AS-JAN'): 0.19309210729971937, Timestamp('2016-01-01 00:00:00', freq='AS-JAN'): 4.362091695339586}"
5,"['igae_sa', 'tc_mensual', 'tasa_cetes_91_mensual', 'inpc', 'ing_trib_neto_(mdp)_r', 'importaciones_r', 'indic_mens_consumo']",None,"{Timestamp('2015-01-01 00:00:00', freq='AS-JAN'): -3.0970341331233158, Timestamp('2016-01-01 00:00:00', freq='AS-JAN'): -6.664829817009149}","{Timestamp('2015-01-01 00:00:00', freq='AS-JAN'): -342692.70358137507, Timestamp('2016-01-01 00:00:00', freq='AS-JAN'): -801695.8254805822}","{Timestamp('2015-01-01 00:00:00', freq='AS-JAN'): 18.074426729089282, Timestamp('2016-01-01 00:00:00', freq='AS-JAN'): 73.50871742723257}","{Timestamp('2015-01-01 00:00:00', freq='AS-JAN'): -112827.6657543229, Timestamp('2016-01-01 00:00:00', freq='AS-JAN'): 98385.50876249326}","{Timestamp('2015-01-01 00:00:00', freq='AS-JAN'): 2.5663192579563656, Timestamp('2016-01-01 00:00:00', freq='AS-JAN'): -1.6873039046179201}",VAR,"{'ic': 'fpe', 'maxlags': 12, 'trend': 'ct'}",2015-07-01,"{Timestamp('2015-01-01 00:00:00', freq='AS-JAN'): -3.011606892024858, Timestamp('2016-01-01 00:00:00', freq='AS-JAN'): -0.02184728618401266}","{Timestamp('2015-01-01 00:00:00', freq='AS-JAN'): -2.324338949264586, Timestamp('2016-01-01 00:00:00', freq='AS-JAN'): -10.92912875597571}"
6,"['igae_sa', 'tc_mensual', 'tasa_cetes_91_mensual', 'inpc', 'ing_trib_neto_(mdp)_r', 'importaciones_r', 'indic_mens_consumo']",None,"{Timestamp('2016-01-01 00:00:00', freq='AS-JAN'): 2.4121683081907577, Timestamp('2017-01-01 00:00:00', freq='AS-JAN'): 1.1800092790344934}","{Timestamp('2016-01-01 00:00:00', freq='AS-JAN'): 83008.90555421822, Timestamp('2017-01-01 00:00:00', freq='AS-JAN'): -585245.1611713171}","{Timestamp('2016-01-01 00:00:00', freq='AS-JAN'): 12.517193476978036, Timestamp('2017-01-01 00:00:00', freq='AS-JAN'): 35.41078217959989}","{Timestamp('2016-01-01 00:00:00', freq='AS-JAN'): -4152.189419750124, Timestamp('2017-01-01 00:00:00', freq='AS-JAN'): -136797.08313883422}","{Timestamp('2016-01-01 00:00:00', freq='AS-JAN'): 2.2597317730464965, Timestamp('2017-01-01 00:00:00', freq='AS-JAN'): 30.398532010059625}",VAR,"{'ic': 'aic', 'maxlags': 12, 'trend': 'c'}",2016-07-01,"{Timestamp('2016-01-01 00:00:00', freq='AS-JAN'): 0.16447787446738005, Timestamp('2017-01-01 00:00:00', freq='AS-JAN'): 16.80246486646331}","{Timestamp('2016-01-01 00:00:00', freq='AS-JAN'): -1.9076346129201625, Timestamp('2017-01-01 00:00:00', freq='AS-JAN'): -34.089410517376365}"
7,"['igae_sa', 'tc_mensual', 'tasa_cetes_91_mensual', 'inpc', 'ing_trib_neto_(mdp)_r', 'importaciones_r', 'indic_mens_consumo']",None,"{Timestamp('2016-01-01 00:00:00', freq='AS-JAN'): 3.1555328856302367, Timestamp('2017-01-01 00:00:00', freq='AS-JAN'): 0.5573891441783871}","{Timestamp('2016-01-01 00:00:00', freq='AS-JAN'): 7557.771212184802, Timestamp('2017-01-01 00:00:00', freq='AS-JAN'): -315891.475475993}","{Timestamp('2016-01-01 00:00:00', freq='AS-JAN'): 12.608301924184843, Timestamp('2017-01-01 00:00:00', freq='AS-JAN'): 35.61537353020776}","{Timestamp('2016-01-01 00:00:00', freq='AS-JAN'): 10445.207840573508, Timestamp('2017-01-01 00:00:00', freq='AS-JAN'): -158222.81944397045}","{Timestamp('2016-01-01 00:00:00', freq='AS-JAN'): 1.919294409424083, Timestamp('2017-01-01 00:00:00', freq='AS-JAN'): 30.04990484613245}",VAR,"{'ic': 'aic', 'maxlags': 12, 'trend': 'ct'}",2016-07-01,"{Timestamp('2016-01-01 00:00:00', freq='AS-JAN'): 0.8766724597247162, Timestamp('2017-01-01 00:00:00', freq='AS-JAN'): 16.069676304021172}","{Timestamp('2016-01-01 00:00:00', freq='AS-JAN'): -3.5837292726107535, Timestamp('2017-01-01 00:00:00', freq='AS-JAN'): -30.427186264742403}"
8,"['igae_sa', 'tc_mensual', 'tasa_cetes_91_mensual', 'inpc', 'ing_trib_neto_(mdp)_r', 'importaciones_r', 'indic_mens_consumo']",None,"{Timestamp('2016-01-01 00:00:00', freq='AS-JAN'): 1.5226409018371214, Timestamp('2017-01-01 00:00:00', freq='AS-JAN'): 2.965913650617267}","{Timestamp('2016-01-01 00:00:00', freq='AS-JAN'): 214815.30829238892, Timestamp('2017-01-01 00:00:00', freq='AS-JAN'): -313378.49671280384}","{Timestamp('2016-01-01 00:00:00', freq='AS-JAN'): 23.40886676601508, Timestamp('2017-01-01 00:00:00', freq='AS-JAN'): 40.952662290457965}","{Timestamp('2016-01-01 00:00:00', freq='AS-JAN'): -43303.21381268045, Timestamp('2017-01-01 00:00:00', freq='AS-JAN'): -125987.75903469045}","{Timestamp('2016-01-01 00:00:00', freq='AS-JAN'): 1.7091964717142218, Timestamp('2017-01-01 00:00:00', freq='AS-JAN'): 22.95340542508552}",VAR,"{'ic': 'bic', 'maxlags': 12, 'trend': 'c'}",2016-07-01,"{Timestamp('2016-01-01 00:00:00', freq='AS-JAN'): 4.488699796121708, Timestamp('2017-01-01 00:00:00', freq='AS-JAN'): 33.65579377516024}","{Timestamp('2016-01-01 00:00:00', freq='AS-JAN'): 1.4427113529642668, Timestamp('2017-01-01 00:00:00', freq='AS-JAN'): -13.56893804733059}"
9,"['igae_sa', 'tc_mensual', 'tasa_cetes_91_mensual', 'inpc', 'ing_trib_neto_(mdp)_r', 'importaciones_r', 'indic_mens_consumo']",None,"{Timestamp('2016-01-01 00:00:00', freq='AS-JAN'): -0.9759249486974113, Timestamp('2017-01-01 00:00:00', freq='AS-JAN'): -15.806889192586823}","{Timestamp('2016-01-01 00:00:00', freq='AS-JAN'): 213272.7684701318, Timestamp('2017-01-01 00:00:00', freq='AS-JAN'): -411521.99379438534}","{Timestamp('2016-01-01 00:00:00', freq='AS-JAN'): 28.19567135260968, Timestamp('2017-01-01 00:00:00', freq='AS-JAN'): 72.77875654657464}","{Timestamp('2016-01-01 00:00:00', freq='AS-JAN'): -116907.02110579144, Timestamp('2017-01-01 00:00:00', freq='AS-JAN'): -556218.7979681287}","{Timestamp('2016-01-01 00:00:00', freq='AS-JAN'): 3.415951548568273, Timestamp('2017-01-01 00:00:00', freq='AS-JAN'): 38.90626227033863}",VAR,"{'ic': 'bic', 'maxlags': 12, 'trend': 'ct'}",2016-07-01,"{Timestamp('2016-01-01 00:00:00', freq='AS-JAN'): 2.9387358555482734, Timestamp('2017-01-01 00:00:00', freq='AS-JAN'): 21.761083489045262}","{Timestamp('2016-01-01 00:00:00', freq='AS-JAN'): 1.007086399039821, Timestamp('2017-01-01 00:00:00', freq='AS-JAN'): -17.04239527436667}"
10,"['igae_sa', 'tc_mensual', 'tasa_cetes_91_mensual', 'inpc', 'ing_trib_neto_(mdp)_r', 'importaciones_r', 'indic_mens_consumo']",None,"{Timestamp('2016-01-01 00:00:00', freq='AS-JAN'): 2.1505129937042966, Timestamp('2017-01-01 00:00:00', freq='AS-JAN'): 11.640637912571492}","{Timestamp('2016-01-01 00:00:00', freq='AS-JAN'): 18188.62865828164, Timestamp('2017-01-01 00:00:00', freq='AS-JAN'): -519516.60467468016}","{Timestamp('2016-01-01 00:00:00', freq='AS-JAN'): 15.63095312049495, Timestamp('2017-01-01 00:00:00', freq='AS-JAN'): 44.678929977510734}","{Timestamp('2016-01-01 00:00:00', freq='AS-JAN'): 6466.852452122606, Timestamp('2017-01-01 00:00:00', freq='AS-JAN'): -236893.00272604218}","{Timestamp('2016-01-01 00:00:00', freq='AS-JAN'): 2.1998452830187034, Timestamp('2017-01-01 00:00:00', freq='AS-JAN'): 30.872581239882493}",VAR,"{'ic': 'fpe', 'maxlags': 12, 'trend': 'c'}",2016-07-01,"{Timestamp('2016-01-01 00:00:00', freq='AS-JAN'): 0.5447268995274754, Timestamp('2017-01-01 00:00:00', freq='AS-JAN'): 20.70120025047423}","{Timestamp('2016-01-01 00:00:00', freq='AS-JAN'): -4.4061706473837035, Timestamp('2017-01-01 00:00:00', freq='AS-JAN'): -52.36049407636969}"
11,"['igae_sa', 'tc_mensual', 'tasa_cetes_91_mensual', 'inpc', 'ing_trib_neto_(mdp)_r', 'importaciones_r', 'indic_mens_consumo']",None,"{Timestamp('2016-01-01 00:00:00', freq='AS-JAN'): 2.7128017618028935, Timestamp('2017-01-01 00:00:00', freq='AS-JAN'): 9.945036700615674}","{Timestamp('2016-01-01 00:00:00', freq='AS-JAN'): -21466.61904191971, Timestamp('2017-01-01 00:00:00', freq='AS-JAN'): -300833.77816072665}","{Timestamp('2016-01-01 00:00:00', freq='AS-JAN'): 15.375619803507789, Timestamp('2017-01-01 00:00:00', freq='AS-JAN'): 46.72093370942298}","{Timestamp('2016-01-01 00:00:00', freq='AS-JAN'): 11194.254878681619, Timestamp('2017-01-01 00:00:00', freq='AS-JAN'): -236829.05669097882}","{Timestamp('2016-01-01 00:00:00', freq='AS-JAN'): 1.818789653374779, Timestamp('2017-01-01 00:00:00', freq='AS-JAN'): 31.91884818526455}",VAR,"{'ic': 'fpe', 'maxlags': 12, 'trend': 'ct'}",2016-07-01,"{Timestamp('2016-01-01 00:00:00', freq='AS-JAN'): 1.1071703416825827, Timestamp('2017-01-01 00:00:00', freq='AS-JAN'): 18.375680626348426}","{Timestamp('2016-01-01 00:00:00', freq='AS-JAN'): -5.207599697406465, Timestamp('2017-01-01 00:00:00', freq='AS-JAN'): -48.888812341029364}"
12,"['igae_sa', 'tc_mensual', 'tasa_cetes_91_mensual', 'inpc', 'ing_trib_neto_(mdp)_r', 'importaciones_r', 'indic_mens_consumo']",None,"{Timestamp('2017-01-01 00:00:00', freq='AS-JAN'): -3.21661055042523, Timestamp('2018-01-01 00:00:00', freq='AS-JAN'): -9.566739641453296}","{Timestamp('2017-01-01 00:00:00', freq='AS-JAN'): 22849.293745690957, Timestamp('2018-01-01 00:00:00', freq='AS-JAN'): 275948.9524128977}","{Timestamp('2017-01-01 00:00:00', freq='AS-JAN'): -0.34660757951337473, Timestamp('2018-01-01 00:00:00', freq='AS-JAN'): 1.0705647323889025}","{Timestamp('2017-01-01 00:00:00', freq='AS-JAN'): 9007.957554296125, Timestamp('2018-01-01 00:00:00', freq='AS-JAN'): -157459.83239285927}","{Timestamp('2017-01-01 00:00:00', freq='AS-JAN'): 6.696341760439054, Timestamp('2018-01-01 00:00:00', freq='AS-JAN'): 17.918518194412854}",VAR,"{'ic': 'aic', 'maxlags': 12, 'trend': 'c'}",2017-07-01,"{Timestamp('2017-01-01 00:00:00', freq='AS-JAN'): 4.740130855526871, Timestamp('2018-01-01 00:00:00', freq='AS-JAN'): 30.900057099502504}","{Timestamp('2017-01-01 00:00:00', freq='AS-JAN'): 3.7940785760775384, Timestamp('2018-01-01 00:00:00', freq='AS-JAN'): 14.816227163070153}"
13,"['igae_sa', 'tc_mensual', 'tasa_cetes_91_mensual', 'inpc', 'ing_trib_neto_(mdp)_r', 'importaciones_r', 'indic_mens_consumo']",None,"{Timestamp('2017-01-01 00:00:00', freq='AS-JAN'): -5.648456388147451, Timestamp('2018-01-01 00:00:00', freq='AS-JAN'): -29.64462705965275}","{Timestamp('2017-01-01 00:00:00', freq='AS-JAN'): 323726.3805906968, Timestamp('2018-01-01 00:00:00', freq='AS-JAN'): 1020844.5961969113}","{Timestamp('2017-01-01 00:00:00', freq='AS-JAN'): -0.8897629108655565, Timestamp('2018-01-01 00:00:00', freq='AS-JAN'): -8.13939036796387}","{Timestamp('2017-01-01 00:00:00', freq='AS-JAN'): -53657.24856382981, Timestamp('2018-01-01 00:00:00', freq='AS-JAN'): -364521.8052376085}","{Timestamp('2017-01-01 00:00:00', freq='AS-JAN'): 7.005277640366103, Timestamp('2018-01-01 00:00:00', freq='AS-JAN'): 28.912110395321633}",VAR,"{'ic': 'aic', 'maxlags': 12, 'trend': 'ct'}",2017-07-01,"{Timestamp('2017-01-01 00:00:00', freq='AS-JAN'): 1.2051540142294073, Timestamp('2018-01-01 00:00:00', freq='AS-JAN'): 12.13464674784629}","{Timestamp('2017-01-01 00:00:00', freq='AS-JAN'): 8.793740868846186, Timestamp('2018-01-01 00:00:00', freq='AS-JAN'): 46.082679157487405}"
14,"['igae_sa', 'tc_mensual', 'tasa_cetes_91_mensual', 'inpc', 'ing_trib_neto_(mdp)_r', 'importaciones_r', 'indic_mens_consumo']",None,"{Timestamp('2017-01-01 00:00:00', freq='AS-JAN'): -2.691487316686562, Timestamp('2018-01-01 00:00:00', freq='AS-JAN'): -2.449718943240441}","{Timestamp('2017-01-01 00:00:00', freq='AS-JAN'): 31615.986934121698, Timestamp('2018-01-01 00:00:00', freq='AS-JAN'): 159181.8026121203}","{Timestamp('2017-01-01 00:00:00', freq='AS-JAN'): 3.373688020303007, Timestamp('2018-01-01 00:00:00', freq='AS-JAN'): -9.193325611622413}","{Timestamp('2017-01-01 00:00:00', freq='AS-JAN'): 80.39398332918063, Timestamp('2018-01-01 00:00:00', freq='AS-JAN'): 118209.16799715301}","{Timestamp('2017-01-01 00:00:00', freq='AS-JAN'): 3.3773205134450563, Timestamp('2018-01-01 00:00:00', freq='AS-JAN'): 9.260128940571803}",VAR,"{'ic': 'bic', 'maxlags': 12, 'trend': 'c'}",2017-07-01,"{Timestamp('2017-01-01 00:00:00', freq='AS-JAN'): 1.8632358641983018, Timestamp('2018-01-01 00:00:00', freq='AS-JAN'): 11.800115268643609}","{Timestamp('2017-01-01 00:00:00', freq='AS-JAN'): 1.1554739780308125, Timestamp('2018-01-01 00:00:00', freq='AS-JAN'): 2.6309817156708846}"
15,"['igae_sa', 'tc_mensual', 'tasa_cetes_91_mensual', 'inpc', 'ing_trib_neto_(mdp)_r', 'importaciones_r', 'indic_mens_consumo']",None,"{Timestamp('2017-01-01 00:00:00', freq='AS-JAN'): -4.885740241775238, Timestamp('2018-01-01 00:00:00', freq='AS-JAN'): -19.046206735037003}","{Timestamp('2017-01-01 00:00:00', freq='AS-JAN'): 39130.433321105316, Timestamp('2018-01-01 00:00:00', freq='AS-JAN'): 142405.39047466405}","{Timestamp('2017-01-01 00:00:00', freq='AS-JAN'): 6.6142792060520605, Timestamp('2018-01-01 00:00:00', freq='AS-JAN'): 9.456671029705149}","{Timestamp('2017-01-01 00:00:00', freq='AS-JAN'): -35230.13490026863, Timestamp('2018-01-01 00:00:00', freq='AS-JAN'): -73149.0645123017}","{Timestamp('2017-01-01 00:00:00', freq='AS-JAN'): 4.303572432793089, Timestamp('2018-01-01 00:00:00', freq='AS-JAN'): 18.049836277858276}",VAR,"{'ic': 'bic', 'maxlags': 12, 'trend': 'ct'}",2017-07-01,"{Timestamp('2017-01-01 00:00:00', freq='AS-JAN'): -1.7773267659454746, Timestamp('2018-01-01 00:00:00', freq='AS-JAN'): -19.28781479506678}","{Timestamp('2017-01-01 00:00:00', freq='AS-JAN'): 1.43542529918804, Timestamp('2018-01-01 00:00:00', freq='AS-JAN'): 5.208923137111412}"
16,"['igae_sa', 'tc_mensual', 'tasa_cetes_91_mensual', 'inpc', 'ing_trib_neto_(mdp)_r', 'importaciones_r', 'indic_mens_consumo']",None,"{Timestamp('2017-01-01 00:00:00', freq='AS-JAN'): -3.440037214167887, Timestamp('2018-01-01 00:00:00', freq='AS-JAN'): -9.158297206596899}","{Timestamp('2017-01-01 00:00:00', freq='AS-JAN'): -12124.739304397255, Timestamp('2018-01-01 00:00:00', freq='AS-JAN'): 275397.8400405552}","{Timestamp('2017-01-01 00:00:00', freq='AS-JAN'): -4.736200030748705, Timestamp('2018-01-01 00:00:00', freq='AS-JAN'): -2.609295698073538}","{Timestamp('2017-01-01 00:00:00', freq='AS-JAN'): 37061.967676877044, Timestamp('2018-01-01 00:00:00', freq='AS-JAN'): -95202.2934574741}","{Timestamp('2017-01-01 00:00:00', freq='AS-JAN'): 6.271417808948172, Timestamp('2018-01-01 00:00:00', freq='AS-JAN'): 16.865656868568067}",VAR,"{'ic': 'fpe', 'maxlags': 12, 'trend': 'c'}",2017-07-01,"{Timestamp('2017-01-01 00:00:00', freq='AS-JAN'): 3.7679466899076175, Timestamp('2018-01-01 00:00:00', freq='AS-JAN'): 25.692570613986348}","{Timestamp('2017-01-01 00:00:00', freq='AS-JAN'): 3.812681150564316, Timestamp('2018-01-01 00:00:00', freq='AS-JAN'): 14.075044457104411}"
17,"['igae_sa', 'tc_mensual', 'tasa_cetes_91_mensual', 'inpc', 'ing_trib_neto_(mdp)_r', 'importaciones_r', 'indic_mens_consumo']",None,"{Timestamp('2017-01-01 00:00:00', freq='AS-JAN'): -6.573050634729725, Timestamp('2018-01-01 00:00:00', freq='AS-JAN'): -32.49771601284556}","{Timestamp('2017-01-01 00:00:00', freq='AS-JAN'): 216901.8987516528, Timestamp('2018-01-01 00:00:00', freq='AS-JAN'): 745965.7897840235}","{Timestamp('2017-01-01 00:00:00', freq='AS-JAN'): -4.646410483115005, Timestamp('2018-01-01 00:00:00', freq='AS-JAN'): -10.707112133823557}","{Timestamp('2017-01-01 00:00:00', freq='AS-JAN'): 9319.28557553282, Timestamp('2018-01-01 00:00:00', freq='AS-JAN'): -179556.52115627984}","{Timestamp('2017-01-01 00:00:00', freq='AS-JAN'): 6.941565515448929, Timestamp('2018-01-01 00:00:00', freq='AS-JAN'): 27.489288846672707}",VAR,"{'ic': 'fpe', 'maxlags': 12, 'trend': 'ct'}",2017-07-01,"{Timestamp('2017-01-01 00:00:00', freq='AS-JAN'): -1.0551680758960202, Timestamp('2018-01-01 00:00:00', freq='AS-JAN'): 2.6947887678015405}","{Timestamp('2017-01-01 00:00:00', freq='AS-JAN'): 7.3712927904022365, Timestamp('2018-01-01 00:00:00', freq='AS-JAN'): 39.30102210647436}"
18,"['igae_sa', 'tc_mensual', 'tasa_cetes_91_mensual', 'inpc', 'ing_trib_neto_(mdp)_r', 'importaciones_r', 'indic_mens_consumo']",None,"{Timestamp('2018-01-01 00:00:00', freq='AS-JAN'): 1.7788834586490339, Timestamp('2019-01-01 00:00:00', freq='AS-JAN'): -693.064042140666}","{Timestamp('2018-01-01 00:00:00', freq='AS-JAN'): -71612.04144015536, Timestamp('2019-01-01 00:00:00', freq='AS-JAN'): -5340287.035983655}","{Timestamp('2018-01-01 00:00:00', freq='AS-JAN'): 5.223123611197025, Timestamp('2019-01-01 00:00:00', freq='AS-JAN'): -733.1590509075107}","{Timestamp('2018-01-01 00:00:00', freq='AS-JAN'): 43362.76040849788, Timestamp('2019-01-01 00:00:00', freq='AS-JAN'): -1500114.0866762488}","{Timestamp('2018-01-01 00:00:00', freq='AS-JAN'): -0.2691790917454, Timestamp('2019-01-01 00:00:00', freq='AS-JAN'): -627.4637616076149}",VAR,"{'ic': 'aic', 'maxlags': 12, 'trend': 'c'}",2018-07-01,"{Timestamp('2018-01-01 00:00:00', freq='AS-JAN'): 1.1346587875526666, Timestamp('2019-01-01 00:00:00', freq='AS-JAN'): -43.00782691636257}","{Timestamp('2018-01-01 00:00:00', freq='AS-JAN'): -9.754117461869015, Timestamp('2019-01-01 00:00:00', freq='AS-JAN'): -149.43970642720677}"
19,"['igae_sa', 'tc_mensual', 'tasa_cetes_91_mensual', 'inpc', 'ing_trib_neto_(mdp)_r', 'importaciones_r', 'indic_mens_consumo']",None,"{Timestamp('2018-01-01 00:00:00', freq='AS-JAN'): 0.21698689297909368, Timestamp('2019-01-01 00:00:00', freq='AS-JAN'): -698.9887891117361}","{Timestamp('2018-01-01 00:00:00', freq='AS-JAN'): 31582.42876365967, Timestamp('2019-01-01 00:00:00', freq='AS-JAN'): -4971418.420634891}","{Timestamp('2018-01-01 00:00:00', freq='AS-JAN'): 4.075977135963058, Timestamp('2019-01-01 00:00:00', freq='AS-JAN'): -737.1734746833721}","{Timestamp('2018-01-01 00:00:00', freq='AS-JAN'): 14190.202570321504, Timestamp('2019-01-01 00:00:00', freq='AS-JAN'): -1542288.9931685277}","{Timestamp('2018-01-01 00:00:00', freq='AS-JAN'): -1.052601733519623, Timestamp('2019-01-01 00:00:00', freq='AS-JAN'): -629.7564497765726}",VAR,"{'ic': 'aic', 'maxlags': 12, 'trend': 'ct'}",2018-07-01,"{Timestamp('2018-01-01 00:00:00', freq='AS-JAN'): -5.413055113197572, Timestamp('2019-01-01 00:00:00', freq='AS-JAN'): -91.3831167126902}","{Timestamp('2018-01-01 00:00:00', freq='AS-JAN'): -9.651148038063099, Timestamp('2019-01-01 00:00:00', freq='AS-JAN'): -142.0389488001412}"
20,"['igae_sa', 'tc_mensual', 'tasa_cetes_91_mensual', 'inpc', 'ing_trib_neto_(mdp)_r', 'importaciones_r', 'indic_mens_consumo']",None,"{Timestamp('2018-01-01 00:00:00', freq='AS-JAN'): -1.0288204717405733, Timestamp('2019-01-01 00:00:00', freq='AS-JAN'): -703.566237991594}","{Timestamp('2018-01-01 00:00:00', freq='AS-JAN'): -207515.99008242227, Timestamp('2019-01-01 00:00:00', freq='AS-JAN'): -6209570.594153033}","{Timestamp('2018-01-01 00:00:00', freq='AS-JAN'): 17.943432562680982, Timestamp('2019-01-01 00:00:00', freq='AS-JAN'): -713.7229798237087}","{Timestamp('2018-01-01 00:00:00', freq='AS-JAN'): -54888.872937385924, Timestamp('2019-01-01 00:00:00', freq='AS-JAN'): -1581456.4881924307}","{Timestamp('2018-01-01 00:00:00', freq='AS-JAN'): 2.585891631015784, Timestamp('2019-01-01 00:00:00', freq='AS-JAN'): -614.9363999735243}",VAR,"{'ic': 'bic', 'maxlags': 12, 'trend': 'c'}",2018-07-01,"{Timestamp('2018-01-01 00:00:00', freq='AS-JAN'): -0.6029467499177912, Timestamp('2019-01-01 00:00:00', freq='AS-JAN'): -50.211960747755775}","{Timestamp('2018-01-01 00:00:00', freq='AS-JAN'): -9.493191535565728, Timestamp('2019-01-01 00:00:00', freq='AS-JAN'): -149.77632177939915}"
21,"['igae_sa', 'tc_mensual', 'tasa_cetes_91_mensual', 'inpc', 'ing_trib_neto_(mdp)_r', 'importaciones_r', 'indic_mens_consumo']",None,"{Timestamp('2018-01-01 00:00:00', freq='AS-JAN'): -2.532582508315045, Timestamp('2019-01-01 00:00:00', freq='AS-JAN'): -714.461941534055}","{Timestamp('2018-01-01 00:00:00', freq='AS-JAN'): -220242.28933281638, Timestamp('2019-01-01 00:00:00', freq='AS-JAN'): -6382769.319502044}","{Timestamp('2018-01-01 00:00:00', freq='AS-JAN'): 21.60221271760429, Timestamp('2019-01-01 00:00:00', freq='AS-JAN'): -691.5578197047058}","{Timestamp('2018-01-01 00:00:00', freq='AS-JAN'): -88945.01760993712, Timestamp('2019-01-01 00:00:00', freq='AS-JAN'): -1771237.673939617}","{Timestamp('2018-01-01 00:00:00', freq='AS-JAN'): 3.459139443051754, Timestamp('2019-01-01 00:00:00', freq='AS-JAN'): -607.0893193573769}",VAR,"{'ic': 'bic', 'maxlags': 12, 'trend': 'ct'}",2018-07-01,"{Timestamp('2018-01-01 00:00:00', freq='AS-JAN'): -4.507797952314888, Timestamp('2019-01-01 00:00:00', freq='AS-JAN'): -82.61812812540995}","{Timestamp('2018-01-01 00:00:00', freq='AS-JAN'): -9.833214824100594, Timestamp('2019-01-01 00:00:00', freq='AS-JAN'): -152.25144067119703}"
22,"['igae_sa', 'tc_mensual', 'tasa_cetes_91_mensual', 'inpc', 'ing_trib_neto_(mdp)_r', 'importaciones_r', 'indic_mens_consumo']",None,"{Timestamp('2018-01-01 00:00:00', freq='AS-JAN'): 3.210108374660649, Timestamp('2019-01-01 00:00:00', freq='AS-JAN'): -684.6563998344758}","{Timestamp('2018-01-01 00:00:00', freq='AS-JAN'): -49515.232848439366, Timestamp('2019-01-01 00:00:00', freq='AS-JAN'): -5206433.101199917}","{Timestamp('2018-01-01 00:00:00', freq='AS-JAN'): 5.967713543015861, Timestamp('2019-01-01 00:00:00', freq='AS-JAN'): -732.4493186059361}","{Timestamp('2018-01-01 00:00:00', freq='AS-JAN'): 51275.50007658638, Timestamp('2019-01-01 00:00:00', freq='AS-JAN'): -1488282.6068156166}","{Timestamp('2018-01-01 00:00:00', freq='AS-JAN'): 0.11218689525003356, Timestamp('2019-01-01 00:00:00', freq='AS-JAN'): -626.5661670898816}",VAR,"{'ic': 'fpe', 'maxlags': 12, 'trend': 'c'}",2018-07-01,"{Timestamp('2018-01-01 00:00:00', freq='AS-JAN'): -0.5978392730006021, Timestamp('2019-01-01 00:00:00', freq='AS-JAN'): -51.348204498644755}","{Timestamp('2018-01-01 00:00:00', freq='AS-JAN'): -11.372537047259272, Timestamp('2019-01-01 00:00:00', freq='AS-JAN'): -156.8761133458471}"
23,"['igae_sa', 'tc_mensual', 'tasa_cetes_91_mensual', 'inpc', 'ing_trib_neto_(mdp)_r', 'importaciones_r', 'indic_mens_consumo']",None,"{Timestamp('2018-01-01 00:00:00', freq='AS-JAN'): 1.1574695027188682, Timestamp('2019-01-01 00:00:00', freq='AS-JAN'): -695.504172641375}","{Timestamp('2018-01-01 00:00:00', freq='AS-JAN'): 18537.50466648303, Timestamp('2019-01-01 00:00:00', freq='AS-JAN'): -5036868.107565184}","{Timestamp('2018-01-01 00:00:00', freq='AS-JAN'): 7.1545680470292154, Timestamp('2019-01-01 00:00:00', freq='AS-JAN'): -733.5094202922706}","{Timestamp('2018-01-01 00:00:00', freq='AS-JAN'): 34287.17294062348, Timestamp('2019-01-01 00:00:00', freq='AS-JAN'): -1496673.9143826258}","{Timestamp('2018-01-01 00:00:00', freq='AS-JAN'): -0.13476778819699575, Timestamp('2019-01-01 00:00:00', freq='AS-JAN'): -626.1102595993199}",VAR,"{'ic': 'fpe', 'maxlags': 12, 'trend': 'ct'}",2018-07-01,"{Timestamp('2018-01-01 00:00:00', freq='AS-JAN'): -5.944865267020063, Timestamp('2019-01-01 00:00:00', freq='AS-JAN'): -93.83745235609175}","{Timestamp('2018-01-01 00:00:00', freq='AS-JAN'): -11.646642296222325, Timestamp('2019-01-01 00:00:00', freq='AS-JAN'): -152.59884081699096}"
