,endog_vars,exog_vars,igae_sa,importaciones_r,indic_mens_consumo,inpc,model,params,split_date,tasa_cetes_91_mensual,tc_mensual
0,"['igae_sa', 'tc_mensual', 'tasa_cetes_91_mensual', 'inpc', 'importaciones_r', 'indic_mens_consumo']",None,"{Timestamp('2015-01-01 00:00:00', freq='AS-JAN'): -6.877711900163604, Timestamp('2016-01-01 00:00:00', freq='AS-JAN'): -34.09750421422382}","{Timestamp('2015-01-01 00:00:00', freq='AS-JAN'): -144931.52381570917, Timestamp('2016-01-01 00:00:00', freq='AS-JAN'): -754043.5009239949}","{Timestamp('2015-01-01 00:00:00', freq='AS-JAN'): 19.970287079058608, Timestamp('2016-01-01 00:00:00', freq='AS-JAN'): 48.82060965121218}","{Timestamp('2015-01-01 00:00:00', freq='AS-JAN'): 3.0872733049513954, Timestamp('2016-01-01 00:00:00', freq='AS-JAN'): 5.48744538775577}",VAR,"{'ic': 'aic', 'maxlags': 12, 'trend': 'c'}",2015-07-01,"{Timestamp('2015-01-01 00:00:00', freq='AS-JAN'): -4.173911867944014, Timestamp('2016-01-01 00:00:00', freq='AS-JAN'): -3.6720873550510404}","{Timestamp('2015-01-01 00:00:00', freq='AS-JAN'): -0.6326845861735251, Timestamp('2016-01-01 00:00:00', freq='AS-JAN'): 9.21439729020122}"
1,"['igae_sa', 'tc_mensual', 'tasa_cetes_91_mensual', 'inpc', 'importaciones_r', 'indic_mens_consumo']",None,"{Timestamp('2015-01-01 00:00:00', freq='AS-JAN'): -5.00187402544816, Timestamp('2016-01-01 00:00:00', freq='AS-JAN'): -25.40617778932824}","{Timestamp('2015-01-01 00:00:00', freq='AS-JAN'): -230467.7561456561, Timestamp('2016-01-01 00:00:00', freq='AS-JAN'): -725482.9777630009}","{Timestamp('2015-01-01 00:00:00', freq='AS-JAN'): 18.071243613859906, Timestamp('2016-01-01 00:00:00', freq='AS-JAN'): 52.59351891185315}","{Timestamp('2015-01-01 00:00:00', freq='AS-JAN'): 2.818668472951458, Timestamp('2016-01-01 00:00:00', freq='AS-JAN'): 1.9765534017819846}",VAR,"{'ic': 'aic', 'maxlags': 12, 'trend': 'ct'}",2015-07-01,"{Timestamp('2015-01-01 00:00:00', freq='AS-JAN'): -4.2838254177885915, Timestamp('2016-01-01 00:00:00', freq='AS-JAN'): -3.965143701327861}","{Timestamp('2015-01-01 00:00:00', freq='AS-JAN'): -2.3520063899348997, Timestamp('2016-01-01 00:00:00', freq='AS-JAN'): 1.1112770287491287}"
2,"['igae_sa', 'tc_mensual', 'tasa_cetes_91_mensual', 'inpc', 'importaciones_r', 'indic_mens_consumo']",None,"{Timestamp('2015-01-01 00:00:00', freq='AS-JAN'): 1.4631293403531345, Timestamp('2016-01-01 00:00:00', freq='AS-JAN'): 3.9769474071292734}","{Timestamp('2015-01-01 00:00:00', freq='AS-JAN'): 130673.57490606047, Timestamp('2016-01-01 00:00:00', freq='AS-JAN'): 135314.72770815063}","{Timestamp('2015-01-01 00:00:00', freq='AS-JAN'): 18.626895574991977, Timestamp('2016-01-01 00:00:00', freq='AS-JAN'): 35.38956656357982}","{Timestamp('2015-01-01 00:00:00', freq='AS-JAN'): 5.115463186549732, Timestamp('2016-01-01 00:00:00', freq='AS-JAN'): 13.626783082008387}",VAR,"{'ic': 'bic', 'maxlags': 12, 'trend': 'c'}",2015-07-01,"{Timestamp('2015-01-01 00:00:00', freq='AS-JAN'): 0.2936765918819475, Timestamp('2016-01-01 00:00:00', freq='AS-JAN'): 15.44390879824865}","{Timestamp('2015-01-01 00:00:00', freq='AS-JAN'): 5.160196122333929, Timestamp('2016-01-01 00:00:00', freq='AS-JAN'): 27.64423885272629}"
3,"['igae_sa', 'tc_mensual', 'tasa_cetes_91_mensual', 'inpc', 'importaciones_r', 'indic_mens_consumo']",None,"{Timestamp('2015-01-01 00:00:00', freq='AS-JAN'): 1.4631293403531345, Timestamp('2016-01-01 00:00:00', freq='AS-JAN'): 3.9769474071292734}","{Timestamp('2015-01-01 00:00:00', freq='AS-JAN'): 130673.57490606047, Timestamp('2016-01-01 00:00:00', freq='AS-JAN'): 135314.72770815063}","{Timestamp('2015-01-01 00:00:00', freq='AS-JAN'): 18.626895574991977, Timestamp('2016-01-01 00:00:00', freq='AS-JAN'): 35.38956656357982}","{Timestamp('2015-01-01 00:00:00', freq='AS-JAN'): 5.115463186549732, Timestamp('2016-01-01 00:00:00', freq='AS-JAN'): 13.626783082008387}",VAR,"{'ic': 'bic', 'maxlags': 12, 'trend': 'ct'}",2015-07-01,"{Timestamp('2015-01-01 00:00:00', freq='AS-JAN'): 0.2936765918819475, Timestamp('2016-01-01 00:00:00', freq='AS-JAN'): 15.44390879824865}","{Timestamp('2015-01-01 00:00:00', freq='AS-JAN'): 5.160196122333929, Timestamp('2016-01-01 00:00:00', freq='AS-JAN'): 27.64423885272629}"
4,"['igae_sa', 'tc_mensual', 'tasa_cetes_91_mensual', 'inpc', 'importaciones_r', 'indic_mens_consumo']",None,"{Timestamp('2015-01-01 00:00:00', freq='AS-JAN'): -6.877711900163604, Timestamp('2016-01-01 00:00:00', freq='AS-JAN'): -34.09750421422382}","{Timestamp('2015-01-01 00:00:00', freq='AS-JAN'): -144931.52381570917, Timestamp('2016-01-01 00:00:00', freq='AS-JAN'): -754043.5009239949}","{Timestamp('2015-01-01 00:00:00', freq='AS-JAN'): 19.970287079058608, Timestamp('2016-01-01 00:00:00', freq='AS-JAN'): 48.82060965121218}","{Timestamp('2015-01-01 00:00:00', freq='AS-JAN'): 3.0872733049513954, Timestamp('2016-01-01 00:00:00', freq='AS-JAN'): 5.48744538775577}",VAR,"{'ic': 'fpe', 'maxlags': 12, 'trend': 'c'}",2015-07-01,"{Timestamp('2015-01-01 00:00:00', freq='AS-JAN'): -4.173911867944014, Timestamp('2016-01-01 00:00:00', freq='AS-JAN'): -3.6720873550510404}","{Timestamp('2015-01-01 00:00:00', freq='AS-JAN'): -0.6326845861735251, Timestamp('2016-01-01 00:00:00', freq='AS-JAN'): 9.21439729020122}"
5,"['igae_sa', 'tc_mensual', 'tasa_cetes_91_mensual', 'inpc', 'importaciones_r', 'indic_mens_consumo']",None,"{Timestamp('2015-01-01 00:00:00', freq='AS-JAN'): -5.00187402544816, Timestamp('2016-01-01 00:00:00', freq='AS-JAN'): -25.40617778932824}","{Timestamp('2015-01-01 00:00:00', freq='AS-JAN'): -230467.7561456561, Timestamp('2016-01-01 00:00:00', freq='AS-JAN'): -725482.9777630009}","{Timestamp('2015-01-01 00:00:00', freq='AS-JAN'): 18.071243613859906, Timestamp('2016-01-01 00:00:00', freq='AS-JAN'): 52.59351891185315}","{Timestamp('2015-01-01 00:00:00', freq='AS-JAN'): 2.818668472951458, Timestamp('2016-01-01 00:00:00', freq='AS-JAN'): 1.9765534017819846}",VAR,"{'ic': 'fpe', 'maxlags': 12, 'trend': 'ct'}",2015-07-01,"{Timestamp('2015-01-01 00:00:00', freq='AS-JAN'): -4.2838254177885915, Timestamp('2016-01-01 00:00:00', freq='AS-JAN'): -3.965143701327861}","{Timestamp('2015-01-01 00:00:00', freq='AS-JAN'): -2.3520063899348997, Timestamp('2016-01-01 00:00:00', freq='AS-JAN'): 1.1112770287491287}"
6,"['igae_sa', 'tc_mensual', 'tasa_cetes_91_mensual', 'inpc', 'importaciones_r', 'indic_mens_consumo']",None,"{Timestamp('2016-01-01 00:00:00', freq='AS-JAN'): 5.1656594466189745, Timestamp('2017-01-01 00:00:00', freq='AS-JAN'): 16.92234571783547}","{Timestamp('2016-01-01 00:00:00', freq='AS-JAN'): 142492.62077864446, Timestamp('2017-01-01 00:00:00', freq='AS-JAN'): -132201.9459711071}","{Timestamp('2016-01-01 00:00:00', freq='AS-JAN'): 14.661757233024218, Timestamp('2017-01-01 00:00:00', freq='AS-JAN'): 39.68749554192891}","{Timestamp('2016-01-01 00:00:00', freq='AS-JAN'): -1.0545290794518678, Timestamp('2017-01-01 00:00:00', freq='AS-JAN'): 17.78324346158888}",VAR,"{'ic': 'aic', 'maxlags': 12, 'trend': 'c'}",2016-07-01,"{Timestamp('2016-01-01 00:00:00', freq='AS-JAN'): -0.07799374471767351, Timestamp('2017-01-01 00:00:00', freq='AS-JAN'): 21.23341916911702}","{Timestamp('2016-01-01 00:00:00', freq='AS-JAN'): -3.793965313757411, Timestamp('2017-01-01 00:00:00', freq='AS-JAN'): -34.24964811196591}"
7,"['igae_sa', 'tc_mensual', 'tasa_cetes_91_mensual', 'inpc', 'importaciones_r', 'indic_mens_consumo']",None,"{Timestamp('2016-01-01 00:00:00', freq='AS-JAN'): 4.910096665730407, Timestamp('2017-01-01 00:00:00', freq='AS-JAN'): 9.448505317181116}","{Timestamp('2016-01-01 00:00:00', freq='AS-JAN'): 172270.47580305394, Timestamp('2017-01-01 00:00:00', freq='AS-JAN'): 167304.10948273353}","{Timestamp('2016-01-01 00:00:00', freq='AS-JAN'): 15.545490386496795, Timestamp('2017-01-01 00:00:00', freq='AS-JAN'): 43.60017513140269}","{Timestamp('2016-01-01 00:00:00', freq='AS-JAN'): -0.9461081342094531, Timestamp('2017-01-01 00:00:00', freq='AS-JAN'): 22.635081759107607}",VAR,"{'ic': 'aic', 'maxlags': 12, 'trend': 'ct'}",2016-07-01,"{Timestamp('2016-01-01 00:00:00', freq='AS-JAN'): -0.0957331774456307, Timestamp('2017-01-01 00:00:00', freq='AS-JAN'): 22.07741190681947}","{Timestamp('2016-01-01 00:00:00', freq='AS-JAN'): -3.524899793637644, Timestamp('2017-01-01 00:00:00', freq='AS-JAN'): -25.2249132150628}"
8,"['igae_sa', 'tc_mensual', 'tasa_cetes_91_mensual', 'inpc', 'importaciones_r', 'indic_mens_consumo']",None,"{Timestamp('2016-01-01 00:00:00', freq='AS-JAN'): 1.4390654803250982, Timestamp('2017-01-01 00:00:00', freq='AS-JAN'): 1.7173962642218612}","{Timestamp('2016-01-01 00:00:00', freq='AS-JAN'): 214444.93680338282, Timestamp('2017-01-01 00:00:00', freq='AS-JAN'): -310044.406868808}","{Timestamp('2016-01-01 00:00:00', freq='AS-JAN'): 21.860374511720465, Timestamp('2017-01-01 00:00:00', freq='AS-JAN'): 36.539762522022784}","{Timestamp('2016-01-01 00:00:00', freq='AS-JAN'): 1.6740316735990746, Timestamp('2017-01-01 00:00:00', freq='AS-JAN'): 23.43947055515082}",VAR,"{'ic': 'bic', 'maxlags': 12, 'trend': 'c'}",2016-07-01,"{Timestamp('2016-01-01 00:00:00', freq='AS-JAN'): 4.517688548253453, Timestamp('2017-01-01 00:00:00', freq='AS-JAN'): 34.07214622656563}","{Timestamp('2016-01-01 00:00:00', freq='AS-JAN'): 1.5240072285851625, Timestamp('2017-01-01 00:00:00', freq='AS-JAN'): -12.786640832232877}"
9,"['igae_sa', 'tc_mensual', 'tasa_cetes_91_mensual', 'inpc', 'importaciones_r', 'indic_mens_consumo']",None,"{Timestamp('2016-01-01 00:00:00', freq='AS-JAN'): -1.5691587252647423, Timestamp('2017-01-01 00:00:00', freq='AS-JAN'): -20.79766900873892}","{Timestamp('2016-01-01 00:00:00', freq='AS-JAN'): 196892.93340738118, Timestamp('2017-01-01 00:00:00', freq='AS-JAN'): -529824.7077434361}","{Timestamp('2016-01-01 00:00:00', freq='AS-JAN'): 26.069019665219002, Timestamp('2017-01-01 00:00:00', freq='AS-JAN'): 62.593886422862624}","{Timestamp('2016-01-01 00:00:00', freq='AS-JAN'): 3.315405739971993, Timestamp('2017-01-01 00:00:00', freq='AS-JAN'): 38.60852353162295}",VAR,"{'ic': 'bic', 'maxlags': 12, 'trend': 'ct'}",2016-07-01,"{Timestamp('2016-01-01 00:00:00', freq='AS-JAN'): 3.2098951549942214, Timestamp('2017-01-01 00:00:00', freq='AS-JAN'): 24.265242105727054}","{Timestamp('2016-01-01 00:00:00', freq='AS-JAN'): 1.211065706607485, Timestamp('2017-01-01 00:00:00', freq='AS-JAN'): -15.30893775322022}"
10,"['igae_sa', 'tc_mensual', 'tasa_cetes_91_mensual', 'inpc', 'importaciones_r', 'indic_mens_consumo']",None,"{Timestamp('2016-01-01 00:00:00', freq='AS-JAN'): 2.8671170736911336, Timestamp('2017-01-01 00:00:00', freq='AS-JAN'): 10.722005215536228}","{Timestamp('2016-01-01 00:00:00', freq='AS-JAN'): 58392.84198402427, Timestamp('2017-01-01 00:00:00', freq='AS-JAN'): -337530.6107385941}","{Timestamp('2016-01-01 00:00:00', freq='AS-JAN'): 15.914707728791655, Timestamp('2017-01-01 00:00:00', freq='AS-JAN'): 35.4336953702682}","{Timestamp('2016-01-01 00:00:00', freq='AS-JAN'): -0.2108767970514691, Timestamp('2017-01-01 00:00:00', freq='AS-JAN'): 22.279149724040508}",VAR,"{'ic': 'fpe', 'maxlags': 12, 'trend': 'c'}",2016-07-01,"{Timestamp('2016-01-01 00:00:00', freq='AS-JAN'): 1.0835391043205647, Timestamp('2017-01-01 00:00:00', freq='AS-JAN'): 23.284112305479262}","{Timestamp('2016-01-01 00:00:00', freq='AS-JAN'): -3.531986453034733, Timestamp('2017-01-01 00:00:00', freq='AS-JAN'): -38.30518317307198}"
11,"['igae_sa', 'tc_mensual', 'tasa_cetes_91_mensual', 'inpc', 'importaciones_r', 'indic_mens_consumo']",None,"{Timestamp('2016-01-01 00:00:00', freq='AS-JAN'): 2.3784110814472115, Timestamp('2017-01-01 00:00:00', freq='AS-JAN'): 0.8325128268063509}","{Timestamp('2016-01-01 00:00:00', freq='AS-JAN'): 82533.8785608951, Timestamp('2017-01-01 00:00:00', freq='AS-JAN'): -230474.68140744418}","{Timestamp('2016-01-01 00:00:00', freq='AS-JAN'): 16.949651826833133, Timestamp('2017-01-01 00:00:00', freq='AS-JAN'): 38.6142154322506}","{Timestamp('2016-01-01 00:00:00', freq='AS-JAN'): -0.03525829899876953, Timestamp('2017-01-01 00:00:00', freq='AS-JAN'): 27.4754857379196}",VAR,"{'ic': 'fpe', 'maxlags': 12, 'trend': 'ct'}",2016-07-01,"{Timestamp('2016-01-01 00:00:00', freq='AS-JAN'): 0.9263066565315299, Timestamp('2017-01-01 00:00:00', freq='AS-JAN'): 20.912244427185755}","{Timestamp('2016-01-01 00:00:00', freq='AS-JAN'): -3.2993270062947886, Timestamp('2017-01-01 00:00:00', freq='AS-JAN'): -32.22703044568473}"
12,"['igae_sa', 'tc_mensual', 'tasa_cetes_91_mensual', 'inpc', 'importaciones_r', 'indic_mens_consumo']",None,"{Timestamp('2017-01-01 00:00:00', freq='AS-JAN'): -0.7153721153945298, Timestamp('2018-01-01 00:00:00', freq='AS-JAN'): 3.78595985139782}","{Timestamp('2017-01-01 00:00:00', freq='AS-JAN'): -6412.901523832232, Timestamp('2018-01-01 00:00:00', freq='AS-JAN'): 619144.3304048721}","{Timestamp('2017-01-01 00:00:00', freq='AS-JAN'): 0.2479730262055, Timestamp('2018-01-01 00:00:00', freq='AS-JAN'): 8.526991832188742}","{Timestamp('2017-01-01 00:00:00', freq='AS-JAN'): 5.025437185988949, Timestamp('2018-01-01 00:00:00', freq='AS-JAN'): 12.97303540441385}",VAR,"{'ic': 'aic', 'maxlags': 12, 'trend': 'c'}",2017-07-01,"{Timestamp('2017-01-01 00:00:00', freq='AS-JAN'): 4.457409742731045, Timestamp('2018-01-01 00:00:00', freq='AS-JAN'): 34.87777518974521}","{Timestamp('2017-01-01 00:00:00', freq='AS-JAN'): 4.1757714977242415, Timestamp('2018-01-01 00:00:00', freq='AS-JAN'): 15.459426634642142}"
13,"['igae_sa', 'tc_mensual', 'tasa_cetes_91_mensual', 'inpc', 'importaciones_r', 'indic_mens_consumo']",None,"{Timestamp('2017-01-01 00:00:00', freq='AS-JAN'): -2.7353784667357104, Timestamp('2018-01-01 00:00:00', freq='AS-JAN'): -16.023100357824887}","{Timestamp('2017-01-01 00:00:00', freq='AS-JAN'): 211561.90233030543, Timestamp('2018-01-01 00:00:00', freq='AS-JAN'): 1288646.6410410274}","{Timestamp('2017-01-01 00:00:00', freq='AS-JAN'): 3.5613970529568633, Timestamp('2018-01-01 00:00:00', freq='AS-JAN'): 9.08159518921093}","{Timestamp('2017-01-01 00:00:00', freq='AS-JAN'): 4.819742652913192, Timestamp('2018-01-01 00:00:00', freq='AS-JAN'): 21.750148561848846}",VAR,"{'ic': 'aic', 'maxlags': 12, 'trend': 'ct'}",2017-07-01,"{Timestamp('2017-01-01 00:00:00', freq='AS-JAN'): 3.930032544314244, Timestamp('2018-01-01 00:00:00', freq='AS-JAN'): 33.808116855533115}","{Timestamp('2017-01-01 00:00:00', freq='AS-JAN'): 7.451050677102927, Timestamp('2018-01-01 00:00:00', freq='AS-JAN'): 43.840618131467465}"
14,"['igae_sa', 'tc_mensual', 'tasa_cetes_91_mensual', 'inpc', 'importaciones_r', 'indic_mens_consumo']",None,"{Timestamp('2017-01-01 00:00:00', freq='AS-JAN'): -2.9675458533290566, Timestamp('2018-01-01 00:00:00', freq='AS-JAN'): -4.030662004856367}","{Timestamp('2017-01-01 00:00:00', freq='AS-JAN'): 33757.6216343455, Timestamp('2018-01-01 00:00:00', freq='AS-JAN'): 167699.10906706005}","{Timestamp('2017-01-01 00:00:00', freq='AS-JAN'): 3.656768010152291, Timestamp('2018-01-01 00:00:00', freq='AS-JAN'): -9.520974269356884}","{Timestamp('2017-01-01 00:00:00', freq='AS-JAN'): 3.5774541734119794, Timestamp('2018-01-01 00:00:00', freq='AS-JAN'): 10.528332647462776}",VAR,"{'ic': 'bic', 'maxlags': 12, 'trend': 'c'}",2017-07-01,"{Timestamp('2017-01-01 00:00:00', freq='AS-JAN'): 1.9366414533982095, Timestamp('2018-01-01 00:00:00', freq='AS-JAN'): 12.86213500546917}","{Timestamp('2017-01-01 00:00:00', freq='AS-JAN'): 1.1944291483799248, Timestamp('2018-01-01 00:00:00', freq='AS-JAN'): 3.1661645781466348}"
15,"['igae_sa', 'tc_mensual', 'tasa_cetes_91_mensual', 'inpc', 'importaciones_r', 'indic_mens_consumo']",None,"{Timestamp('2017-01-01 00:00:00', freq='AS-JAN'): -5.602444493360281, Timestamp('2018-01-01 00:00:00', freq='AS-JAN'): -24.136210111637638}","{Timestamp('2017-01-01 00:00:00', freq='AS-JAN'): 27771.058826910332, Timestamp('2018-01-01 00:00:00', freq='AS-JAN'): 43321.0356318485}","{Timestamp('2017-01-01 00:00:00', freq='AS-JAN'): 6.738465345972372, Timestamp('2018-01-01 00:00:00', freq='AS-JAN'): 7.46278278385148}","{Timestamp('2017-01-01 00:00:00', freq='AS-JAN'): 4.5859060202512865, Timestamp('2018-01-01 00:00:00', freq='AS-JAN'): 20.035851135320854}",VAR,"{'ic': 'bic', 'maxlags': 12, 'trend': 'ct'}",2017-07-01,"{Timestamp('2017-01-01 00:00:00', freq='AS-JAN'): -1.1605720600398826, Timestamp('2018-01-01 00:00:00', freq='AS-JAN'): -13.013293006512413}","{Timestamp('2017-01-01 00:00:00', freq='AS-JAN'): 1.4055644628892594, Timestamp('2018-01-01 00:00:00', freq='AS-JAN'): 5.024151796437934}"
16,"['igae_sa', 'tc_mensual', 'tasa_cetes_91_mensual', 'inpc', 'importaciones_r', 'indic_mens_consumo']",None,"{Timestamp('2017-01-01 00:00:00', freq='AS-JAN'): -0.944864305208057, Timestamp('2018-01-01 00:00:00', freq='AS-JAN'): 4.22350597121067}","{Timestamp('2017-01-01 00:00:00', freq='AS-JAN'): -36165.329142998904, Timestamp('2018-01-01 00:00:00', freq='AS-JAN'): 573660.3924890459}","{Timestamp('2017-01-01 00:00:00', freq='AS-JAN'): -1.7014937022631784, Timestamp('2018-01-01 00:00:00', freq='AS-JAN'): 5.587548523164514}","{Timestamp('2017-01-01 00:00:00', freq='AS-JAN'): 4.697064028053319, Timestamp('2018-01-01 00:00:00', freq='AS-JAN'): 11.392979834305152}",VAR,"{'ic': 'fpe', 'maxlags': 12, 'trend': 'c'}",2017-07-01,"{Timestamp('2017-01-01 00:00:00', freq='AS-JAN'): 3.78184988304902, Timestamp('2018-01-01 00:00:00', freq='AS-JAN'): 30.233119667452904}","{Timestamp('2017-01-01 00:00:00', freq='AS-JAN'): 4.145824886683613, Timestamp('2018-01-01 00:00:00', freq='AS-JAN'): 13.74463537140025}"
17,"['igae_sa', 'tc_mensual', 'tasa_cetes_91_mensual', 'inpc', 'importaciones_r', 'indic_mens_consumo']",None,"{Timestamp('2017-01-01 00:00:00', freq='AS-JAN'): -3.922820582185068, Timestamp('2018-01-01 00:00:00', freq='AS-JAN'): -18.834847822586653}","{Timestamp('2017-01-01 00:00:00', freq='AS-JAN'): 104924.29103820585, Timestamp('2018-01-01 00:00:00', freq='AS-JAN'): 922780.354995843}","{Timestamp('2017-01-01 00:00:00', freq='AS-JAN'): 1.0128888411109074, Timestamp('2018-01-01 00:00:00', freq='AS-JAN'): 3.7818975922591562}","{Timestamp('2017-01-01 00:00:00', freq='AS-JAN'): 4.460683512864534, Timestamp('2018-01-01 00:00:00', freq='AS-JAN'): 17.529349442621196}",VAR,"{'ic': 'fpe', 'maxlags': 12, 'trend': 'ct'}",2017-07-01,"{Timestamp('2017-01-01 00:00:00', freq='AS-JAN'): 1.712479154258034, Timestamp('2018-01-01 00:00:00', freq='AS-JAN'): 18.71688047372389}","{Timestamp('2017-01-01 00:00:00', freq='AS-JAN'): 6.413993263950772, Timestamp('2018-01-01 00:00:00', freq='AS-JAN'): 36.941126087643624}"
18,"['igae_sa', 'tc_mensual', 'tasa_cetes_91_mensual', 'inpc', 'importaciones_r', 'indic_mens_consumo']",None,"{Timestamp('2018-01-01 00:00:00', freq='AS-JAN'): 1.9671051972259193, Timestamp('2019-01-01 00:00:00', freq='AS-JAN'): -689.2018220946187}","{Timestamp('2018-01-01 00:00:00', freq='AS-JAN'): -74527.7643098142, Timestamp('2019-01-01 00:00:00', freq='AS-JAN'): -5362885.673986872}","{Timestamp('2018-01-01 00:00:00', freq='AS-JAN'): 7.6928006256787285, Timestamp('2019-01-01 00:00:00', freq='AS-JAN'): -730.998118147039}","{Timestamp('2018-01-01 00:00:00', freq='AS-JAN'): -1.7791554000086762, Timestamp('2019-01-01 00:00:00', freq='AS-JAN'): -633.6539583016864}",VAR,"{'ic': 'aic', 'maxlags': 12, 'trend': 'c'}",2018-07-01,"{Timestamp('2018-01-01 00:00:00', freq='AS-JAN'): 0.7238871916879788, Timestamp('2019-01-01 00:00:00', freq='AS-JAN'): -44.502934319166265}","{Timestamp('2018-01-01 00:00:00', freq='AS-JAN'): -11.091925165238052, Timestamp('2019-01-01 00:00:00', freq='AS-JAN'): -154.0505097964725}"
19,"['igae_sa', 'tc_mensual', 'tasa_cetes_91_mensual', 'inpc', 'importaciones_r', 'indic_mens_consumo']",None,"{Timestamp('2018-01-01 00:00:00', freq='AS-JAN'): 0.18912098851046721, Timestamp('2019-01-01 00:00:00', freq='AS-JAN'): -699.680799217956}","{Timestamp('2018-01-01 00:00:00', freq='AS-JAN'): -10048.901740066707, Timestamp('2019-01-01 00:00:00', freq='AS-JAN'): -5180238.725854713}","{Timestamp('2018-01-01 00:00:00', freq='AS-JAN'): 9.258312956602595, Timestamp('2019-01-01 00:00:00', freq='AS-JAN'): -729.6095981946618}","{Timestamp('2018-01-01 00:00:00', freq='AS-JAN'): -2.3108229633487554, Timestamp('2019-01-01 00:00:00', freq='AS-JAN'): -634.668022400284}",VAR,"{'ic': 'aic', 'maxlags': 12, 'trend': 'ct'}",2018-07-01,"{Timestamp('2018-01-01 00:00:00', freq='AS-JAN'): -1.4022258559748337, Timestamp('2019-01-01 00:00:00', freq='AS-JAN'): -62.38185128653017}","{Timestamp('2018-01-01 00:00:00', freq='AS-JAN'): -11.178683768358923, Timestamp('2019-01-01 00:00:00', freq='AS-JAN'): -149.47089623704983}"
20,"['igae_sa', 'tc_mensual', 'tasa_cetes_91_mensual', 'inpc', 'importaciones_r', 'indic_mens_consumo']",None,"{Timestamp('2018-01-01 00:00:00', freq='AS-JAN'): -1.0647869785505009, Timestamp('2019-01-01 00:00:00', freq='AS-JAN'): -704.5787999533412}","{Timestamp('2018-01-01 00:00:00', freq='AS-JAN'): -205533.99485841393, Timestamp('2019-01-01 00:00:00', freq='AS-JAN'): -6188523.501345065}","{Timestamp('2018-01-01 00:00:00', freq='AS-JAN'): 16.543795076994684, Timestamp('2019-01-01 00:00:00', freq='AS-JAN'): -717.5601932293783}","{Timestamp('2018-01-01 00:00:00', freq='AS-JAN'): 2.539841794906806, Timestamp('2019-01-01 00:00:00', freq='AS-JAN'): -614.3640737111801}",VAR,"{'ic': 'bic', 'maxlags': 12, 'trend': 'c'}",2018-07-01,"{Timestamp('2018-01-01 00:00:00', freq='AS-JAN'): -0.3835304763264702, Timestamp('2019-01-01 00:00:00', freq='AS-JAN'): -48.67088415993262}","{Timestamp('2018-01-01 00:00:00', freq='AS-JAN'): -9.356078879952207, Timestamp('2019-01-01 00:00:00', freq='AS-JAN'): -148.83819953087482}"
21,"['igae_sa', 'tc_mensual', 'tasa_cetes_91_mensual', 'inpc', 'importaciones_r', 'indic_mens_consumo']",None,"{Timestamp('2018-01-01 00:00:00', freq='AS-JAN'): -3.0573319590598658, Timestamp('2019-01-01 00:00:00', freq='AS-JAN'): -719.0067718366807}","{Timestamp('2018-01-01 00:00:00', freq='AS-JAN'): -231527.00823267736, Timestamp('2019-01-01 00:00:00', freq='AS-JAN'): -6462386.251267088}","{Timestamp('2018-01-01 00:00:00', freq='AS-JAN'): 19.86556749609349, Timestamp('2019-01-01 00:00:00', freq='AS-JAN'): -698.5254371436603}","{Timestamp('2018-01-01 00:00:00', freq='AS-JAN'): 3.502595462367026, Timestamp('2019-01-01 00:00:00', freq='AS-JAN'): -605.820085562878}",VAR,"{'ic': 'bic', 'maxlags': 12, 'trend': 'ct'}",2018-07-01,"{Timestamp('2018-01-01 00:00:00', freq='AS-JAN'): -3.9235312870612518, Timestamp('2019-01-01 00:00:00', freq='AS-JAN'): -77.37611282591513}","{Timestamp('2018-01-01 00:00:00', freq='AS-JAN'): -9.701637119933878, Timestamp('2019-01-01 00:00:00', freq='AS-JAN'): -151.48469903056656}"
22,"['igae_sa', 'tc_mensual', 'tasa_cetes_91_mensual', 'inpc', 'importaciones_r', 'indic_mens_consumo']",None,"{Timestamp('2018-01-01 00:00:00', freq='AS-JAN'): 1.9671051972259193, Timestamp('2019-01-01 00:00:00', freq='AS-JAN'): -689.2018220946187}","{Timestamp('2018-01-01 00:00:00', freq='AS-JAN'): -74527.7643098142, Timestamp('2019-01-01 00:00:00', freq='AS-JAN'): -5362885.673986872}","{Timestamp('2018-01-01 00:00:00', freq='AS-JAN'): 7.6928006256787285, Timestamp('2019-01-01 00:00:00', freq='AS-JAN'): -730.998118147039}","{Timestamp('2018-01-01 00:00:00', freq='AS-JAN'): -1.7791554000086762, Timestamp('2019-01-01 00:00:00', freq='AS-JAN'): -633.6539583016864}",VAR,"{'ic': 'fpe', 'maxlags': 12, 'trend': 'c'}",2018-07-01,"{Timestamp('2018-01-01 00:00:00', freq='AS-JAN'): 0.7238871916879788, Timestamp('2019-01-01 00:00:00', freq='AS-JAN'): -44.502934319166265}","{Timestamp('2018-01-01 00:00:00', freq='AS-JAN'): -11.091925165238052, Timestamp('2019-01-01 00:00:00', freq='AS-JAN'): -154.0505097964725}"
23,"['igae_sa', 'tc_mensual', 'tasa_cetes_91_mensual', 'inpc', 'importaciones_r', 'indic_mens_consumo']",None,"{Timestamp('2018-01-01 00:00:00', freq='AS-JAN'): 0.18912098851046721, Timestamp('2019-01-01 00:00:00', freq='AS-JAN'): -699.680799217956}","{Timestamp('2018-01-01 00:00:00', freq='AS-JAN'): -10048.901740066707, Timestamp('2019-01-01 00:00:00', freq='AS-JAN'): -5180238.725854713}","{Timestamp('2018-01-01 00:00:00', freq='AS-JAN'): 9.258312956602595, Timestamp('2019-01-01 00:00:00', freq='AS-JAN'): -729.6095981946618}","{Timestamp('2018-01-01 00:00:00', freq='AS-JAN'): -2.3108229633487554, Timestamp('2019-01-01 00:00:00', freq='AS-JAN'): -634.668022400284}",VAR,"{'ic': 'fpe', 'maxlags': 12, 'trend': 'ct'}",2018-07-01,"{Timestamp('2018-01-01 00:00:00', freq='AS-JAN'): -1.4022258559748337, Timestamp('2019-01-01 00:00:00', freq='AS-JAN'): -62.38185128653017}","{Timestamp('2018-01-01 00:00:00', freq='AS-JAN'): -11.178683768358923, Timestamp('2019-01-01 00:00:00', freq='AS-JAN'): -149.47089623704983}"
