,endog_vars,exog_vars,forecast_biass_first18,forecast_biass_first6,forecast_biass_last12,mae_first18,mae_first6,mae_last12,mape_first18,mape_first6,mape_last12,model,params,pred_period,rmse_first18,rmse_first6,rmse_last12,split_date,variable
0,['ing_trib_neto_(mdp)_r'],"['igae_sa', 'inpc', 'tasa_cetes_91_mensual', 'tc_mensual', 'commodity_price_index', 'importaciones_r', 'indic_mens_consumo', 'mes_1', 'mes_3', 'mes_4', 'mes_12', 'year_2009', 'year_2015', 'semana_santa', 'IVA', 'ISRP', 'ISRE']",-31042.695250293305,-29790.16601640781,-31668.959867236048,35002.6132222515,29790.16601640781,37608.836825173326,0.145196890294898,0.13489745593724123,0.15034660747372636,ARIMA,"{'order': (2, 0, 2)}",18MS,40116.37500855906,34131.04540859971,42796.275368296534,2015-07-01,ing_trib_neto_(mdp)_r
1,['ing_trib_neto_(mdp)_r'],"['igae_sa', 'inpc', 'tasa_cetes_91_mensual', 'tc_mensual', 'commodity_price_index', 'importaciones_r', 'indic_mens_consumo', 'mes_1', 'mes_3', 'mes_4', 'mes_12', 'year_2009', 'year_2015', 'semana_santa', 'IVA', 'ISRP', 'ISRE']",-28550.68570767957,-27442.792414620446,-29104.632354209127,32710.17273776245,27442.792414620446,35343.86289933345,0.13567304684375878,0.12452478842286878,0.14124717605420384,ARIMA,"{'order': (2, 0, 3)}",18MS,37881.16840637621,31857.61474184888,40558.85317940239,2015-07-01,ing_trib_neto_(mdp)_r
2,['ing_trib_neto_(mdp)_r'],"['igae_sa', 'inpc', 'tasa_cetes_91_mensual', 'tc_mensual', 'commodity_price_index', 'importaciones_r', 'indic_mens_consumo', 'mes_1', 'mes_3', 'mes_4', 'mes_12', 'year_2009', 'year_2015', 'semana_santa', 'IVA', 'ISRP', 'ISRE']",-10606.67320142427,-12845.207689324123,-9487.405957474344,20255.416697807847,19103.917599200726,20831.166247111407,0.08354002948943672,0.08748346652882023,0.0815683109697449,ARIMA,"{'order': (2, 0, 4)}",18MS,27145.34092319886,21820.506242532952,29448.88884855984,2015-07-01,ing_trib_neto_(mdp)_r
3,['ing_trib_neto_(mdp)_r'],"['igae_sa', 'inpc', 'tasa_cetes_91_mensual', 'tc_mensual', 'commodity_price_index', 'importaciones_r', 'indic_mens_consumo', 'mes_1', 'mes_3', 'mes_4', 'mes_12', 'year_2009', 'year_2015', 'semana_santa', 'IVA', 'ISRP', 'ISRE']",-19882.77994020437,-20282.711996350903,-19682.8139121311,25265.125194739594,21192.010746378714,27301.68241892004,0.10451920646739336,0.09613462977132718,0.10871149481542647,ARIMA,"{'order': (3, 0, 2)}",18MS,31128.783148815644,25333.043282670154,33654.42273324806,2015-07-01,ing_trib_neto_(mdp)_r
4,['ing_trib_neto_(mdp)_r'],"['igae_sa', 'inpc', 'tasa_cetes_91_mensual', 'tc_mensual', 'commodity_price_index', 'importaciones_r', 'indic_mens_consumo', 'mes_1', 'mes_3', 'mes_4', 'mes_12', 'year_2009', 'year_2015', 'semana_santa', 'IVA', 'ISRP', 'ISRE']",-17377.01212910395,-18478.43303916526,-16826.301674073293,23267.079648085735,23614.056042181066,23093.591451038068,0.09625242687781849,0.10595616265288406,0.09140055899028565,ARIMA,"{'order': (3, 0, 3)}",18MS,27405.16269480401,25930.831558492653,28113.349157216344,2015-07-01,ing_trib_neto_(mdp)_r
5,['ing_trib_neto_(mdp)_r'],"['igae_sa', 'inpc', 'tasa_cetes_91_mensual', 'tc_mensual', 'commodity_price_index', 'importaciones_r', 'indic_mens_consumo', 'mes_1', 'mes_3', 'mes_4', 'mes_12', 'year_2009', 'year_2015', 'semana_santa', 'IVA', 'ISRP', 'ISRE']",-18028.497881882526,-19059.1895683241,-17513.152038661745,25007.647916186233,22318.687899563225,26352.127924497734,0.10408576319510243,0.10239414185527525,0.10493157386501602,ARIMA,"{'order': (3, 0, 4)}",18MS,31668.444318973823,26859.525925997186,33817.428670602094,2015-07-01,ing_trib_neto_(mdp)_r
6,['ing_trib_neto_(mdp)_r'],"['igae_sa', 'inpc', 'tasa_cetes_91_mensual', 'tc_mensual', 'commodity_price_index', 'importaciones_r', 'indic_mens_consumo', 'mes_1', 'mes_3', 'mes_4', 'mes_12', 'year_2009', 'year_2015', 'semana_santa', 'IVA', 'ISRP', 'ISRE']",-15673.423334017192,-17634.78432086379,-14692.742840593894,22172.715864927442,21462.828515621164,22527.659539580578,0.09216310832681102,0.09732328289441379,0.08958302104300964,ARIMA,"{'order': (4, 0, 2)}",18MS,28069.060394290762,23782.475130479892,29983.414839900513,2015-07-01,ing_trib_neto_(mdp)_r
7,['ing_trib_neto_(mdp)_r'],"['igae_sa', 'inpc', 'tasa_cetes_91_mensual', 'tc_mensual', 'commodity_price_index', 'importaciones_r', 'indic_mens_consumo', 'mes_1', 'mes_3', 'mes_4', 'mes_12', 'year_2009', 'year_2015', 'semana_santa', 'IVA', 'ISRP', 'ISRE']",-18127.793752645768,-19072.295295534088,-17655.542981201612,24667.90425165583,24056.545502998753,24973.58362598436,0.1022064637674624,0.10853674409356111,0.09904132360441305,ARIMA,"{'order': (4, 0, 3)}",18MS,29229.5826720029,26072.825259175508,30686.4244621531,2015-07-01,ing_trib_neto_(mdp)_r
8,['ing_trib_neto_(mdp)_r'],"['igae_sa', 'inpc', 'tasa_cetes_91_mensual', 'tc_mensual', 'commodity_price_index', 'importaciones_r', 'indic_mens_consumo', 'mes_1', 'mes_3', 'mes_4', 'mes_12', 'year_2009', 'year_2015', 'semana_santa', 'IVA', 'ISRP', 'ISRE']",-16655.6795709245,-17910.875527542565,-16028.081592615466,24207.616539974595,21871.62665310749,25375.61148340814,0.10054865033280244,0.10022609817790844,0.10070992641024946,ARIMA,"{'order': (4, 0, 4)}",18MS,30790.376440103842,26068.12589436466,32898.28761748444,2015-07-01,ing_trib_neto_(mdp)_r
9,['ing_trib_neto_(mdp)_r'],"['igae_sa', 'inpc', 'tasa_cetes_91_mensual', 'tc_mensual', 'commodity_price_index', 'importaciones_r', 'indic_mens_consumo', 'mes_1', 'mes_3', 'mes_4', 'mes_12', 'year_2009', 'year_2015', 'semana_santa', 'IVA', 'ISRP', 'ISRE']",-3346.5060879012763,9274.033973182299,-9656.776118443064,18075.394558307526,16362.789162131317,18931.697256395633,0.07082322482786982,0.06438799895366473,0.07404083776497238,ARIMA,"{'order': (2, 0, 2)}",18MS,21182.01346674703,18225.591355541317,22515.116069622818,2016-07-01,ing_trib_neto_(mdp)_r
10,['ing_trib_neto_(mdp)_r'],"['igae_sa', 'inpc', 'tasa_cetes_91_mensual', 'tc_mensual', 'commodity_price_index', 'importaciones_r', 'indic_mens_consumo', 'mes_1', 'mes_3', 'mes_4', 'mes_12', 'year_2009', 'year_2015', 'semana_santa', 'IVA', 'ISRP', 'ISRE']",-2746.630562637727,9768.07344277706,-9003.98256534512,17171.561106294466,15102.092229737731,18206.295544572833,0.06704953575377538,0.0586730489048553,0.07123777917823541,ARIMA,"{'order': (2, 0, 3)}",18MS,20462.584823655787,17273.55178871429,21883.51596063267,2016-07-01,ing_trib_neto_(mdp)_r
11,['ing_trib_neto_(mdp)_r'],"['igae_sa', 'inpc', 'tasa_cetes_91_mensual', 'tc_mensual', 'commodity_price_index', 'importaciones_r', 'indic_mens_consumo', 'mes_1', 'mes_3', 'mes_4', 'mes_12', 'year_2009', 'year_2015', 'semana_santa', 'IVA', 'ISRP', 'ISRE']",-5745.549782740009,7215.003964616374,-12225.8266564182,17815.882221043383,14255.938505827808,19595.854078651166,0.0703324684969887,0.05672259414733862,0.07713740567181372,ARIMA,"{'order': (2, 0, 4)}",18MS,21914.226086395603,18665.22235565227,23369.952816715777,2016-07-01,ing_trib_neto_(mdp)_r
12,['ing_trib_neto_(mdp)_r'],"['igae_sa', 'inpc', 'tasa_cetes_91_mensual', 'tc_mensual', 'commodity_price_index', 'importaciones_r', 'indic_mens_consumo', 'mes_1', 'mes_3', 'mes_4', 'mes_12', 'year_2009', 'year_2015', 'semana_santa', 'IVA', 'ISRP', 'ISRE']",-4303.116674791766,9193.472229172621,-11051.411126773959,17411.686745983818,14875.987456823737,18679.536390563855,0.06827204938335871,0.05819494155486681,0.07331060329760465,ARIMA,"{'order': (3, 0, 2)}",18MS,20643.485254288167,16708.008782044304,22352.88452159105,2016-07-01,ing_trib_neto_(mdp)_r
13,['ing_trib_neto_(mdp)_r'],"['igae_sa', 'inpc', 'tasa_cetes_91_mensual', 'tc_mensual', 'commodity_price_index', 'importaciones_r', 'indic_mens_consumo', 'mes_1', 'mes_3', 'mes_4', 'mes_12', 'year_2009', 'year_2015', 'semana_santa', 'IVA', 'ISRP', 'ISRE']",-7582.086901552962,8473.01253483441,-15609.636619746649,18151.66568512249,11040.896924593413,21707.05006538703,0.07115094737937731,0.04405969748046598,0.08469657232883297,ARIMA,"{'order': (3, 0, 3)}",18MS,22164.732740747386,13124.086729108647,25510.62994060625,2016-07-01,ing_trib_neto_(mdp)_r
14,['ing_trib_neto_(mdp)_r'],"['igae_sa', 'inpc', 'tasa_cetes_91_mensual', 'tc_mensual', 'commodity_price_index', 'importaciones_r', 'indic_mens_consumo', 'mes_1', 'mes_3', 'mes_4', 'mes_12', 'year_2009', 'year_2015', 'semana_santa', 'IVA', 'ISRP', 'ISRE']",-3486.8793367749217,8515.82285800453,-9488.230434164647,17327.01751857375,15308.029088260935,18336.51173373016,0.06816764586092962,0.060605282789317705,0.07194882739673558,ARIMA,"{'order': (3, 0, 4)}",18MS,21224.125269159616,19675.903144523785,21957.337222102527,2016-07-01,ing_trib_neto_(mdp)_r
15,['ing_trib_neto_(mdp)_r'],"['igae_sa', 'inpc', 'tasa_cetes_91_mensual', 'tc_mensual', 'commodity_price_index', 'importaciones_r', 'indic_mens_consumo', 'mes_1', 'mes_3', 'mes_4', 'mes_12', 'year_2009', 'year_2015', 'semana_santa', 'IVA', 'ISRP', 'ISRE']",-7166.853942277436,6344.391926514756,-13922.47687667353,17968.014704443634,12812.342210134835,20545.850951598037,0.07093818487937982,0.050793359752167526,0.08101059744298596,ARIMA,"{'order': (4, 0, 2)}",18MS,21410.377262059912,14660.459842509157,24086.133777729592,2016-07-01,ing_trib_neto_(mdp)_r
16,['ing_trib_neto_(mdp)_r'],"['igae_sa', 'inpc', 'tasa_cetes_91_mensual', 'tc_mensual', 'commodity_price_index', 'importaciones_r', 'indic_mens_consumo', 'mes_1', 'mes_3', 'mes_4', 'mes_12', 'year_2009', 'year_2015', 'semana_santa', 'IVA', 'ISRP', 'ISRE']",-10757.852623023726,5557.914260483502,-18915.73606477734,19733.559377409416,10772.94432777143,24213.866902228416,0.07818645488985114,0.04389987401217659,0.09532974532868839,ARIMA,"{'order': (4, 0, 3)}",18MS,23094.80273335773,11817.449755273241,27022.74617021478,2016-07-01,ing_trib_neto_(mdp)_r
17,['ing_trib_neto_(mdp)_r'],"['igae_sa', 'inpc', 'tasa_cetes_91_mensual', 'tc_mensual', 'commodity_price_index', 'importaciones_r', 'indic_mens_consumo', 'mes_1', 'mes_3', 'mes_4', 'mes_12', 'year_2009', 'year_2015', 'semana_santa', 'IVA', 'ISRP', 'ISRE']",-3285.607009574674,8560.656724405912,-9208.738876564967,17390.62241248702,15398.439517936058,18386.7138597625,0.06838017555187924,0.06097169144135975,0.07208441760713899,ARIMA,"{'order': (4, 0, 4)}",18MS,21224.870593086092,19505.649116891123,22034.235267061988,2016-07-01,ing_trib_neto_(mdp)_r
18,['ing_trib_neto_(mdp)_r'],"['igae_sa', 'inpc', 'tasa_cetes_91_mensual', 'tc_mensual', 'commodity_price_index', 'importaciones_r', 'indic_mens_consumo', 'mes_1', 'mes_3', 'mes_4', 'mes_12', 'year_2009', 'year_2015', 'semana_santa', 'IVA', 'ISRP', 'ISRE']",-24971.734052492808,-23900.153846973408,-25507.524155252508,28324.537961126825,23900.153846973408,30536.73001820354,0.11394235614328549,0.10229296146857698,0.11976705348063972,ARIMA,"{'order': (2, 0, 2)}",18MS,32670.02392768764,29464.308517702906,34160.25405263161,2017-07-01,ing_trib_neto_(mdp)_r
19,['ing_trib_neto_(mdp)_r'],"['igae_sa', 'inpc', 'tasa_cetes_91_mensual', 'tc_mensual', 'commodity_price_index', 'importaciones_r', 'indic_mens_consumo', 'mes_1', 'mes_3', 'mes_4', 'mes_12', 'year_2009', 'year_2015', 'semana_santa', 'IVA', 'ISRP', 'ISRE']",-23188.343676203727,-20848.826896543178,-24358.102066033996,25628.678823356335,21539.235503356565,27673.400483356218,0.10301618941173235,0.0922840239449791,0.108382272145109,ARIMA,"{'order': (2, 0, 3)}",18MS,30094.612393061274,28472.21691943053,30873.855840813645,2017-07-01,ing_trib_neto_(mdp)_r
20,['ing_trib_neto_(mdp)_r'],"['igae_sa', 'inpc', 'tasa_cetes_91_mensual', 'tc_mensual', 'commodity_price_index', 'importaciones_r', 'indic_mens_consumo', 'mes_1', 'mes_3', 'mes_4', 'mes_12', 'year_2009', 'year_2015', 'semana_santa', 'IVA', 'ISRP', 'ISRE']",-23949.812588804183,-22482.309275456846,-24683.564245477854,27431.699130571364,22482.309275456846,29906.394058128626,0.11037571579861073,0.09649671022074097,0.11731521858754561,ARIMA,"{'order': (2, 0, 4)}",18MS,32155.710327323155,29715.66220458732,33308.77166533624,2017-07-01,ing_trib_neto_(mdp)_r
21,['ing_trib_neto_(mdp)_r'],"['igae_sa', 'inpc', 'tasa_cetes_91_mensual', 'tc_mensual', 'commodity_price_index', 'importaciones_r', 'indic_mens_consumo', 'mes_1', 'mes_3', 'mes_4', 'mes_12', 'year_2009', 'year_2015', 'semana_santa', 'IVA', 'ISRP', 'ISRE']",-24222.028529822623,-22334.037132484867,-25166.024228491504,27648.3302307941,22783.511587839952,30080.739552271178,0.11117803655280917,0.09736385196214964,0.11808512884813892,ARIMA,"{'order': (3, 0, 2)}",18MS,31889.246284284418,28499.830183038615,33455.43128758919,2017-07-01,ing_trib_neto_(mdp)_r
22,['ing_trib_neto_(mdp)_r'],"['igae_sa', 'inpc', 'tasa_cetes_91_mensual', 'tc_mensual', 'commodity_price_index', 'importaciones_r', 'indic_mens_consumo', 'mes_1', 'mes_3', 'mes_4', 'mes_12', 'year_2009', 'year_2015', 'semana_santa', 'IVA', 'ISRP', 'ISRE']",-22292.828976240286,-19266.43666470789,-23806.02513200648,25434.15674433565,20982.510641830333,27659.979795588315,0.10231272978197808,0.09014361116095848,0.1083972890924879,ARIMA,"{'order': (3, 0, 3)}",18MS,29537.65268781798,27362.288943441807,30567.334874781645,2017-07-01,ing_trib_neto_(mdp)_r
23,['ing_trib_neto_(mdp)_r'],"['igae_sa', 'inpc', 'tasa_cetes_91_mensual', 'tc_mensual', 'commodity_price_index', 'importaciones_r', 'indic_mens_consumo', 'mes_1', 'mes_3', 'mes_4', 'mes_12', 'year_2009', 'year_2015', 'semana_santa', 'IVA', 'ISRP', 'ISRE']",-25136.234041195967,-23472.933453320173,-25967.88433513386,28251.433633526332,23472.933453320173,30640.683723629398,0.11372399913993757,0.10037390075593607,0.12039904833193836,ARIMA,"{'order': (3, 0, 4)}",18MS,32928.1809308672,30287.872165289944,34171.919012157,2017-07-01,ing_trib_neto_(mdp)_r
24,['ing_trib_neto_(mdp)_r'],"['igae_sa', 'inpc', 'tasa_cetes_91_mensual', 'tc_mensual', 'commodity_price_index', 'importaciones_r', 'indic_mens_consumo', 'mes_1', 'mes_3', 'mes_4', 'mes_12', 'year_2009', 'year_2015', 'semana_santa', 'IVA', 'ISRP', 'ISRE']",-23358.065567226044,-21339.298879288657,-24367.448911194737,27206.913923100463,22314.846351068296,29652.947709116546,0.10927996409935119,0.09559456614599655,0.11612266307602849,ARIMA,"{'order': (4, 0, 2)}",18MS,31163.98826391292,28316.314600608595,32494.375059225767,2017-07-01,ing_trib_neto_(mdp)_r
25,['ing_trib_neto_(mdp)_r'],"['igae_sa', 'inpc', 'tasa_cetes_91_mensual', 'tc_mensual', 'commodity_price_index', 'importaciones_r', 'indic_mens_consumo', 'mes_1', 'mes_3', 'mes_4', 'mes_12', 'year_2009', 'year_2015', 'semana_santa', 'IVA', 'ISRP', 'ISRE']",-23526.327259047335,-21110.823874993657,-24734.078951074178,26828.551577929527,22362.525548426598,29061.564592680996,0.10792920203559135,0.09598585635936567,0.11390087487370419,ARIMA,"{'order': (4, 0, 3)}",18MS,30892.785245582814,28717.598868049114,31924.84969379591,2017-07-01,ing_trib_neto_(mdp)_r
26,['ing_trib_neto_(mdp)_r'],"['igae_sa', 'inpc', 'tasa_cetes_91_mensual', 'tc_mensual', 'commodity_price_index', 'importaciones_r', 'indic_mens_consumo', 'mes_1', 'mes_3', 'mes_4', 'mes_12', 'year_2009', 'year_2015', 'semana_santa', 'IVA', 'ISRP', 'ISRE']",-24101.280074847182,-21789.439115398414,-25257.200554571562,27606.54714582231,23267.325340097075,29776.158048684923,0.11097533128445003,0.09941396410755725,0.1167560148728964,ARIMA,"{'order': (4, 0, 4)}",18MS,31700.76325252207,29273.73343414233,32847.098069724045,2017-07-01,ing_trib_neto_(mdp)_r
27,['ing_trib_neto_(mdp)_r'],"['igae_sa', 'inpc', 'tasa_cetes_91_mensual', 'tc_mensual', 'commodity_price_index', 'importaciones_r', 'indic_mens_consumo', 'mes_1', 'mes_3', 'mes_4', 'mes_12', 'year_2009', 'year_2015', 'semana_santa', 'IVA', 'ISRP', 'ISRE']",-829.2288764856663,4356.130003521636,-6014.587756492969,14224.345275680169,7133.601946210129,21315.088605150206,0.05132811529293264,0.026542966941577678,0.07611326364428758,ARIMA,"{'order': (2, 0, 2)}",18MS,19986.844646359983,11896.092291302151,25640.4154808825,2018-07-01,ing_trib_neto_(mdp)_r
28,['ing_trib_neto_(mdp)_r'],"['igae_sa', 'inpc', 'tasa_cetes_91_mensual', 'tc_mensual', 'commodity_price_index', 'importaciones_r', 'indic_mens_consumo', 'mes_1', 'mes_3', 'mes_4', 'mes_12', 'year_2009', 'year_2015', 'semana_santa', 'IVA', 'ISRP', 'ISRE']",-1354.5326887169383,3698.359889087112,-6407.425266520989,14712.09757191169,10135.074604514162,19289.12053930922,0.053002552796465326,0.037927919024865746,0.06807718656806493,ARIMA,"{'order': (2, 0, 3)}",18MS,18026.439138735925,13307.529907944912,21744.301869553146,2018-07-01,ing_trib_neto_(mdp)_r
29,['ing_trib_neto_(mdp)_r'],"['igae_sa', 'inpc', 'tasa_cetes_91_mensual', 'tc_mensual', 'commodity_price_index', 'importaciones_r', 'indic_mens_consumo', 'mes_1', 'mes_3', 'mes_4', 'mes_12', 'year_2009', 'year_2015', 'semana_santa', 'IVA', 'ISRP', 'ISRE']",-3869.530941325143,1414.8473061113473,-9153.909188761632,14265.677540205264,5469.194305532491,23062.160774878037,0.05171522767849119,0.020594654947488005,0.08283580040949437,ARIMA,"{'order': (2, 0, 4)}",18MS,19316.08680677366,8375.538052936807,26001.399604202812,2018-07-01,ing_trib_neto_(mdp)_r
30,['ing_trib_neto_(mdp)_r'],"['igae_sa', 'inpc', 'tasa_cetes_91_mensual', 'tc_mensual', 'commodity_price_index', 'importaciones_r', 'indic_mens_consumo', 'mes_1', 'mes_3', 'mes_4', 'mes_12', 'year_2009', 'year_2015', 'semana_santa', 'IVA', 'ISRP', 'ISRE']",-2494.690008284267,2208.614599838586,-7197.99461640712,14580.105475061859,7723.633460098271,21436.577490025447,0.053278233157482306,0.02931154422296993,0.07724492209199468,ARIMA,"{'order': (3, 0, 2)}",18MS,19530.827451450314,10671.188937533816,25476.10976063862,2018-07-01,ing_trib_neto_(mdp)_r
31,['ing_trib_neto_(mdp)_r'],"['igae_sa', 'inpc', 'tasa_cetes_91_mensual', 'tc_mensual', 'commodity_price_index', 'importaciones_r', 'indic_mens_consumo', 'mes_1', 'mes_3', 'mes_4', 'mes_12', 'year_2009', 'year_2015', 'semana_santa', 'IVA', 'ISRP', 'ISRE']",-6340.771574685372,-556.723502350845,-12124.819647019898,15785.696844251377,10590.925293805349,20980.468394697407,0.057928139338283786,0.04032581281920336,0.07553046585736421,ARIMA,"{'order': (3, 0, 3)}",18MS,17796.81778751762,12208.149825920229,22009.41899624093,2018-07-01,ing_trib_neto_(mdp)_r
32,['ing_trib_neto_(mdp)_r'],"['igae_sa', 'inpc', 'tasa_cetes_91_mensual', 'tc_mensual', 'commodity_price_index', 'importaciones_r', 'indic_mens_consumo', 'mes_1', 'mes_3', 'mes_4', 'mes_12', 'year_2009', 'year_2015', 'semana_santa', 'IVA', 'ISRP', 'ISRE']",-2848.1488400042313,2406.9992680062423,-8103.296948014705,14361.364109315291,6196.880758897615,22525.847459732966,0.05197294626485969,0.023149513602572603,0.08079637892714678,ARIMA,"{'order': (3, 0, 4)}",18MS,19583.192731404448,9595.590329447845,25979.36722362712,2018-07-01,ing_trib_neto_(mdp)_r
33,['ing_trib_neto_(mdp)_r'],"['igae_sa', 'inpc', 'tasa_cetes_91_mensual', 'tc_mensual', 'commodity_price_index', 'importaciones_r', 'indic_mens_consumo', 'mes_1', 'mes_3', 'mes_4', 'mes_12', 'year_2009', 'year_2015', 'semana_santa', 'IVA', 'ISRP', 'ISRE']",-3744.3554048352744,867.2283098633925,-8355.939119533941,14546.655633128255,7108.670083527822,21984.64118272869,0.05300070948371754,0.02694304153441265,0.07905837743302241,ARIMA,"{'order': (4, 0, 2)}",18MS,18967.15875811415,9405.880409375477,25120.422696195605,2018-07-01,ing_trib_neto_(mdp)_r
34,['ing_trib_neto_(mdp)_r'],"['igae_sa', 'inpc', 'tasa_cetes_91_mensual', 'tc_mensual', 'commodity_price_index', 'importaciones_r', 'indic_mens_consumo', 'mes_1', 'mes_3', 'mes_4', 'mes_12', 'year_2009', 'year_2015', 'semana_santa', 'IVA', 'ISRP', 'ISRE']",-3743.3967608963503,1187.3387158621142,-8674.132237654814,14235.464206742343,8601.46418478821,19869.464228696477,0.05195407465268426,0.03249198829041759,0.07141616101495092,ARIMA,"{'order': (4, 0, 3)}",18MS,17226.842095675645,10517.267258691401,21975.33313940753,2018-07-01,ing_trib_neto_(mdp)_r
35,['ing_trib_neto_(mdp)_r'],"['igae_sa', 'inpc', 'tasa_cetes_91_mensual', 'tc_mensual', 'commodity_price_index', 'importaciones_r', 'indic_mens_consumo', 'mes_1', 'mes_3', 'mes_4', 'mes_12', 'year_2009', 'year_2015', 'semana_santa', 'IVA', 'ISRP', 'ISRE']",-1397.2902615903974,4149.900407405449,-6944.480930586244,14301.693807712925,6529.061797184923,22074.32581824093,0.05148922009582451,0.02407980112014996,0.07889863907149906,ARIMA,"{'order': (4, 0, 4)}",18MS,19781.746850362313,10229.507877168648,26038.283075014435,2018-07-01,ing_trib_neto_(mdp)_r
36,['ing_trib_neto_(mdp)_r'],"['igae_sa', 'inpc', 'tasa_cetes_91_mensual', 'tc_mensual', 'commodity_price_index', 'importaciones_r', 'indic_mens_consumo', 'mes_1', 'mes_3', 'mes_4', 'mes_12', 'year_2009', 'year_2015', 'semana_santa', 'IVA', 'ISRP', 'ISRE']",5171.338788849778,-7396.066798834897,11455.041582692116,16724.92921104054,9027.271393984624,20573.7581195685,0.06455963763721446,0.04242246588116779,0.0756282235152378,SARIMA,"{'enforce_invertibility': False, 'enforce_stationarity': False, 'order': (2, 0, 2), 'seasonal_order': (0, 0, 0, 12)}",18MS,24952.843505692377,12129.046173510445,29332.74139915646,2015-07-01,ing_trib_neto_(mdp)_r
37,['ing_trib_neto_(mdp)_r'],"['igae_sa', 'inpc', 'tasa_cetes_91_mensual', 'tc_mensual', 'commodity_price_index', 'importaciones_r', 'indic_mens_consumo', 'mes_1', 'mes_3', 'mes_4', 'mes_12', 'year_2009', 'year_2015', 'semana_santa', 'IVA', 'ISRP', 'ISRE']",-23105.421525668287,-23194.968939935556,-23060.64781853466,25273.140985678547,23194.968939935556,26312.22700855004,0.10625728188328373,0.10581820564277215,0.10647682000353952,SARIMA,"{'enforce_invertibility': False, 'enforce_stationarity': False, 'order': (2, 0, 2), 'seasonal_order': (0, 0, 1, 12)}",18MS,30338.284474555505,27468.248578791623,31675.935934008947,2015-07-01,ing_trib_neto_(mdp)_r
38,['ing_trib_neto_(mdp)_r'],"['igae_sa', 'inpc', 'tasa_cetes_91_mensual', 'tc_mensual', 'commodity_price_index', 'importaciones_r', 'indic_mens_consumo', 'mes_1', 'mes_3', 'mes_4', 'mes_12', 'year_2009', 'year_2015', 'semana_santa', 'IVA', 'ISRP', 'ISRE']",-7139.879177755865,-9081.63761772161,-6168.999957772993,13446.038598912588,11607.829513147977,14365.143141794893,0.055003295445960866,0.052974882466073014,0.05601750193590479,SARIMA,"{'enforce_invertibility': False, 'enforce_stationarity': False, 'order': (2, 0, 2), 'seasonal_order': (1, 0, 0, 12)}",18MS,18370.303608025843,14111.554612334292,20165.170348601674,2015-07-01,ing_trib_neto_(mdp)_r
39,['ing_trib_neto_(mdp)_r'],"['igae_sa', 'inpc', 'tasa_cetes_91_mensual', 'tc_mensual', 'commodity_price_index', 'importaciones_r', 'indic_mens_consumo', 'mes_1', 'mes_3', 'mes_4', 'mes_12', 'year_2009', 'year_2015', 'semana_santa', 'IVA', 'ISRP', 'ISRE']",7420.908604434731,-7665.916781904467,14964.32129760433,22824.96407783833,10912.491326482608,28781.200453516194,0.0879408977123926,0.050226920547737454,0.10679788629472016,SARIMA,"{'enforce_invertibility': False, 'enforce_stationarity': False, 'order': (2, 0, 2), 'seasonal_order': (1, 0, 1, 12)}",18MS,28593.93151380405,12118.596444770721,33955.694503699524,2015-07-01,ing_trib_neto_(mdp)_r
40,['ing_trib_neto_(mdp)_r'],"['igae_sa', 'inpc', 'tasa_cetes_91_mensual', 'tc_mensual', 'commodity_price_index', 'importaciones_r', 'indic_mens_consumo', 'mes_1', 'mes_3', 'mes_4', 'mes_12', 'year_2009', 'year_2015', 'semana_santa', 'IVA', 'ISRP', 'ISRE']",-6313.562347005152,-15357.396718654569,-1791.6451611804441,18892.84207630851,15357.396718654569,20660.56475513547,0.07631808721961394,0.07131888712283836,0.07881768726800174,SARIMA,"{'enforce_invertibility': False, 'enforce_stationarity': False, 'order': (2, 0, 3), 'seasonal_order': (0, 0, 0, 12)}",18MS,25852.930770843235,18919.68054347068,28698.151303342307,2015-07-01,ing_trib_neto_(mdp)_r
41,['ing_trib_neto_(mdp)_r'],"['igae_sa', 'inpc', 'tasa_cetes_91_mensual', 'tc_mensual', 'commodity_price_index', 'importaciones_r', 'indic_mens_consumo', 'mes_1', 'mes_3', 'mes_4', 'mes_12', 'year_2009', 'year_2015', 'semana_santa', 'IVA', 'ISRP', 'ISRE']",-37608.96694686329,-35317.1342564554,-38754.883292067236,38245.066013905256,35317.1342564554,39709.031892630184,0.16083028386792197,0.16037524704366415,0.1610578022800509,SARIMA,"{'enforce_invertibility': False, 'enforce_stationarity': False, 'order': (2, 0, 3), 'seasonal_order': (0, 0, 1, 12)}",18MS,43747.93520537025,39160.252646854635,45870.034427904764,2015-07-01,ing_trib_neto_(mdp)_r
42,['ing_trib_neto_(mdp)_r'],"['igae_sa', 'inpc', 'tasa_cetes_91_mensual', 'tc_mensual', 'commodity_price_index', 'importaciones_r', 'indic_mens_consumo', 'mes_1', 'mes_3', 'mes_4', 'mes_12', 'year_2009', 'year_2015', 'semana_santa', 'IVA', 'ISRP', 'ISRE']",-15015.78108258708,-17604.599289508915,-13721.371979126163,17196.528722281084,18165.860972565686,16711.86259713878,0.0722111879891005,0.08271284256769566,0.06696036069980289,SARIMA,"{'enforce_invertibility': False, 'enforce_stationarity': False, 'order': (2, 0, 3), 'seasonal_order': (1, 0, 0, 12)}",18MS,23479.300296615223,21461.175753477422,24425.914133705006,2015-07-01,ing_trib_neto_(mdp)_r
43,['ing_trib_neto_(mdp)_r'],"['igae_sa', 'inpc', 'tasa_cetes_91_mensual', 'tc_mensual', 'commodity_price_index', 'importaciones_r', 'indic_mens_consumo', 'mes_1', 'mes_3', 'mes_4', 'mes_12', 'year_2009', 'year_2015', 'semana_santa', 'IVA', 'ISRP', 'ISRE']",7576.77890081258,-5994.1292493308865,14362.232975884313,21955.76213883566,8277.691468904779,28794.797473801107,0.08394800619487691,0.03852211001475267,0.10666095428493906,SARIMA,"{'enforce_invertibility': False, 'enforce_stationarity': False, 'order': (2, 0, 3), 'seasonal_order': (1, 0, 1, 12)}",18MS,28523.48351634943,10670.550283281375,34109.431924134544,2015-07-01,ing_trib_neto_(mdp)_r
44,['ing_trib_neto_(mdp)_r'],"['igae_sa', 'inpc', 'tasa_cetes_91_mensual', 'tc_mensual', 'commodity_price_index', 'importaciones_r', 'indic_mens_consumo', 'mes_1', 'mes_3', 'mes_4', 'mes_12', 'year_2009', 'year_2015', 'semana_santa', 'IVA', 'ISRP', 'ISRE']",-16466.03690146469,-22291.6686840098,-13553.22101019213,23909.691587656373,22760.217604889855,24484.428579039624,0.09936703441933117,0.1047212783924808,0.09668991243275633,SARIMA,"{'enforce_invertibility': False, 'enforce_stationarity': False, 'order': (3, 0, 2), 'seasonal_order': (0, 0, 0, 12)}",18MS,29394.320443624045,27054.365474012775,30497.045199706714,2015-07-01,ing_trib_neto_(mdp)_r
45,['ing_trib_neto_(mdp)_r'],"['igae_sa', 'inpc', 'tasa_cetes_91_mensual', 'tc_mensual', 'commodity_price_index', 'importaciones_r', 'indic_mens_consumo', 'mes_1', 'mes_3', 'mes_4', 'mes_12', 'year_2009', 'year_2015', 'semana_santa', 'IVA', 'ISRP', 'ISRE']",-25139.84400805557,-28486.80104294313,-23466.36549061179,27752.549789551507,28486.80104294313,27385.424162855696,0.11737061302021479,0.13021510426179908,0.11094836739942267,SARIMA,"{'enforce_invertibility': False, 'enforce_stationarity': False, 'order': (3, 0, 2), 'seasonal_order': (0, 0, 1, 12)}",18MS,33130.70288837996,32357.68563247802,33510.52522823277,2015-07-01,ing_trib_neto_(mdp)_r
46,['ing_trib_neto_(mdp)_r'],"['igae_sa', 'inpc', 'tasa_cetes_91_mensual', 'tc_mensual', 'commodity_price_index', 'importaciones_r', 'indic_mens_consumo', 'mes_1', 'mes_3', 'mes_4', 'mes_12', 'year_2009', 'year_2015', 'semana_santa', 'IVA', 'ISRP', 'ISRE']",-13667.910066149392,-15796.246431867228,-12603.741883290473,15675.972891776108,16793.718134778235,15117.100270275043,0.06536903994630601,0.07580141680015448,0.06015285151938179,SARIMA,"{'enforce_invertibility': False, 'enforce_stationarity': False, 'order': (3, 0, 2), 'seasonal_order': (1, 0, 0, 12)}",18MS,22119.085418507722,20481.285815884556,22894.09040103765,2015-07-01,ing_trib_neto_(mdp)_r
47,['ing_trib_neto_(mdp)_r'],"['igae_sa', 'inpc', 'tasa_cetes_91_mensual', 'tc_mensual', 'commodity_price_index', 'importaciones_r', 'indic_mens_consumo', 'mes_1', 'mes_3', 'mes_4', 'mes_12', 'year_2009', 'year_2015', 'semana_santa', 'IVA', 'ISRP', 'ISRE']",-5565.503321154076,-15887.396153516975,-404.5569049726255,21029.348809911622,16633.34946848764,23227.348480623623,0.08303600553090754,0.07592425564830847,0.08659188047220706,SARIMA,"{'enforce_invertibility': False, 'enforce_stationarity': False, 'order': (3, 0, 2), 'seasonal_order': (1, 0, 1, 12)}",18MS,28852.46577966545,19626.159846062616,32497.755263995517,2015-07-01,ing_trib_neto_(mdp)_r
48,['ing_trib_neto_(mdp)_r'],"['igae_sa', 'inpc', 'tasa_cetes_91_mensual', 'tc_mensual', 'commodity_price_index', 'importaciones_r', 'indic_mens_consumo', 'mes_1', 'mes_3', 'mes_4', 'mes_12', 'year_2009', 'year_2015', 'semana_santa', 'IVA', 'ISRP', 'ISRE']",-24181.224713595795,-28646.144297825216,-21948.76492148109,30057.82343542263,28646.144297825216,30763.663004221333,0.1255325768573775,0.13141516427371205,0.12259128314921021,SARIMA,"{'enforce_invertibility': False, 'enforce_stationarity': False, 'order': (3, 0, 3), 'seasonal_order': (0, 0, 0, 12)}",18MS,35113.24957851812,32923.1807994109,36158.57473642463,2015-07-01,ing_trib_neto_(mdp)_r
49,['ing_trib_neto_(mdp)_r'],"['igae_sa', 'inpc', 'tasa_cetes_91_mensual', 'tc_mensual', 'commodity_price_index', 'importaciones_r', 'indic_mens_consumo', 'mes_1', 'mes_3', 'mes_4', 'mes_12', 'year_2009', 'year_2015', 'semana_santa', 'IVA', 'ISRP', 'ISRE']",-30082.439297239063,-30237.19262195313,-30005.062634882033,31706.724009414862,30237.19262195313,32441.489703145733,0.13345420932750685,0.13756877750266636,0.1313969252399271,SARIMA,"{'enforce_invertibility': False, 'enforce_stationarity': False, 'order': (3, 0, 3), 'seasonal_order': (0, 0, 1, 12)}",18MS,36677.66300649695,33872.92206155664,38002.48703615446,2015-07-01,ing_trib_neto_(mdp)_r
50,['ing_trib_neto_(mdp)_r'],"['igae_sa', 'inpc', 'tasa_cetes_91_mensual', 'tc_mensual', 'commodity_price_index', 'importaciones_r', 'indic_mens_consumo', 'mes_1', 'mes_3', 'mes_4', 'mes_12', 'year_2009', 'year_2015', 'semana_santa', 'IVA', 'ISRP', 'ISRE']",-12876.628775621568,-18801.692935957686,-9914.096695453509,16065.369323860197,18801.692935957686,14697.207517811454,0.06743280638386391,0.08536446857134448,0.058466975290123596,SARIMA,"{'enforce_invertibility': False, 'enforce_stationarity': False, 'order': (3, 0, 3), 'seasonal_order': (1, 0, 0, 12)}",18MS,22543.27492045818,22149.200643259697,22737.7510242625,2015-07-01,ing_trib_neto_(mdp)_r
51,['ing_trib_neto_(mdp)_r'],"['igae_sa', 'inpc', 'tasa_cetes_91_mensual', 'tc_mensual', 'commodity_price_index', 'importaciones_r', 'indic_mens_consumo', 'mes_1', 'mes_3', 'mes_4', 'mes_12', 'year_2009', 'year_2015', 'semana_santa', 'IVA', 'ISRP', 'ISRE']",-14860.809183421437,-22505.052860539294,-11038.687344862512,22205.543683847034,22505.052860539294,22055.789095500902,0.08964273469785254,0.10234148549556854,0.08329335929899452,SARIMA,"{'enforce_invertibility': False, 'enforce_stationarity': False, 'order': (3, 0, 3), 'seasonal_order': (1, 0, 1, 12)}",18MS,33153.52399625487,27072.111892295678,35809.001785876186,2015-07-01,ing_trib_neto_(mdp)_r
52,['ing_trib_neto_(mdp)_r'],"['igae_sa', 'inpc', 'tasa_cetes_91_mensual', 'tc_mensual', 'commodity_price_index', 'importaciones_r', 'indic_mens_consumo', 'mes_1', 'mes_3', 'mes_4', 'mes_12', 'year_2009', 'year_2015', 'semana_santa', 'IVA', 'ISRP', 'ISRE']",-44748.49451191499,-16141.842615649724,-59051.82046004763,46873.32826895188,18264.635668310064,61177.674569272785,0.18917676359382,0.07676687074537727,0.24538171001804135,SARIMA,"{'enforce_invertibility': False, 'enforce_stationarity': False, 'order': (2, 0, 2), 'seasonal_order': (0, 0, 0, 12)}",18MS,54400.86178619838,22158.07381547258,64758.71004749572,2016-07-01,ing_trib_neto_(mdp)_r
53,['ing_trib_neto_(mdp)_r'],"['igae_sa', 'inpc', 'tasa_cetes_91_mensual', 'tc_mensual', 'commodity_price_index', 'importaciones_r', 'indic_mens_consumo', 'mes_1', 'mes_3', 'mes_4', 'mes_12', 'year_2009', 'year_2015', 'semana_santa', 'IVA', 'ISRP', 'ISRE']",-36941.109388686615,-12382.147573044544,-49220.590296507646,38639.183858511475,12940.700474459221,51488.42555053759,0.15616546682038257,0.05464859759028976,0.20692390143542894,SARIMA,"{'enforce_invertibility': False, 'enforce_stationarity': False, 'order': (2, 0, 2), 'seasonal_order': (0, 0, 1, 12)}",18MS,46960.90239827367,16632.624756227335,56299.799537383304,2016-07-01,ing_trib_neto_(mdp)_r
54,['ing_trib_neto_(mdp)_r'],"['igae_sa', 'inpc', 'tasa_cetes_91_mensual', 'tc_mensual', 'commodity_price_index', 'importaciones_r', 'indic_mens_consumo', 'mes_1', 'mes_3', 'mes_4', 'mes_12', 'year_2009', 'year_2015', 'semana_santa', 'IVA', 'ISRP', 'ISRE']",-32966.71526250566,-3888.459941446621,-47505.84292303518,35368.88346126818,9868.117428747582,48119.26647752847,0.14199651788383647,0.041382574170791324,0.19230348974035905,SARIMA,"{'enforce_invertibility': False, 'enforce_stationarity': False, 'order': (2, 0, 2), 'seasonal_order': (1, 0, 0, 12)}",18MS,46457.095624092195,12552.889588893515,56201.46868386621,2016-07-01,ing_trib_neto_(mdp)_r
55,['ing_trib_neto_(mdp)_r'],"['igae_sa', 'inpc', 'tasa_cetes_91_mensual', 'tc_mensual', 'commodity_price_index', 'importaciones_r', 'indic_mens_consumo', 'mes_1', 'mes_3', 'mes_4', 'mes_12', 'year_2009', 'year_2015', 'semana_santa', 'IVA', 'ISRP', 'ISRE']",-29844.024348155985,-5054.050140335079,-42239.011452066436,31365.267000030868,9163.173039237017,42466.31398042779,0.12534116179883903,0.038997651757494735,0.1685129168195112,SARIMA,"{'enforce_invertibility': False, 'enforce_stationarity': False, 'order': (2, 0, 2), 'seasonal_order': (1, 0, 1, 12)}",18MS,39572.912007493804,12948.55228698984,47594.017943065235,2016-07-01,ing_trib_neto_(mdp)_r
56,['ing_trib_neto_(mdp)_r'],"['igae_sa', 'inpc', 'tasa_cetes_91_mensual', 'tc_mensual', 'commodity_price_index', 'importaciones_r', 'indic_mens_consumo', 'mes_1', 'mes_3', 'mes_4', 'mes_12', 'year_2009', 'year_2015', 'semana_santa', 'IVA', 'ISRP', 'ISRE']",-35132.903412146174,-11241.933317533412,-47078.388459452544,39006.87860906463,15267.65492577063,50876.49045071163,0.15756433371456444,0.06505064662682443,0.2038211772584345,SARIMA,"{'enforce_invertibility': False, 'enforce_stationarity': False, 'order': (2, 0, 3), 'seasonal_order': (0, 0, 0, 12)}",18MS,44967.617417037836,19516.596711036524,53316.799891375755,2016-07-01,ing_trib_neto_(mdp)_r
57,['ing_trib_neto_(mdp)_r'],"['igae_sa', 'inpc', 'tasa_cetes_91_mensual', 'tc_mensual', 'commodity_price_index', 'importaciones_r', 'indic_mens_consumo', 'mes_1', 'mes_3', 'mes_4', 'mes_12', 'year_2009', 'year_2015', 'semana_santa', 'IVA', 'ISRP', 'ISRE']",-40001.992958385694,-13872.478984758907,-53066.74994519908,41296.749661791655,14104.68336479457,54892.782810290206,0.16723471785539523,0.0599719026791225,0.22086612544353165,SARIMA,"{'enforce_invertibility': False, 'enforce_stationarity': False, 'order': (2, 0, 3), 'seasonal_order': (0, 0, 1, 12)}",18MS,49876.9822529546,18821.290469919553,59619.204544473585,2016-07-01,ing_trib_neto_(mdp)_r
58,['ing_trib_neto_(mdp)_r'],"['igae_sa', 'inpc', 'tasa_cetes_91_mensual', 'tc_mensual', 'commodity_price_index', 'importaciones_r', 'indic_mens_consumo', 'mes_1', 'mes_3', 'mes_4', 'mes_12', 'year_2009', 'year_2015', 'semana_santa', 'IVA', 'ISRP', 'ISRE']",-38019.380722895316,-5737.02083065452,-54160.56066901572,39396.44692621666,9868.21944061855,54160.56066901572,0.15842204870487525,0.04181461947318003,0.21672576332072288,SARIMA,"{'enforce_invertibility': False, 'enforce_stationarity': False, 'order': (2, 0, 3), 'seasonal_order': (1, 0, 0, 12)}",18MS,51009.59610165167,14046.443949220591,61679.145972290804,2016-07-01,ing_trib_neto_(mdp)_r
59,['ing_trib_neto_(mdp)_r'],"['igae_sa', 'inpc', 'tasa_cetes_91_mensual', 'tc_mensual', 'commodity_price_index', 'importaciones_r', 'indic_mens_consumo', 'mes_1', 'mes_3', 'mes_4', 'mes_12', 'year_2009', 'year_2015', 'semana_santa', 'IVA', 'ISRP', 'ISRE']",-26326.83130933852,-1785.938338149698,-38597.277794932925,29469.57626342321,10401.343750257045,39003.69252000628,0.11725635411804812,0.04311324996378107,0.15432790619518164,SARIMA,"{'enforce_invertibility': False, 'enforce_stationarity': False, 'order': (2, 0, 3), 'seasonal_order': (1, 0, 1, 12)}",18MS,37616.183016495925,11845.540647284573,45302.3997210141,2016-07-01,ing_trib_neto_(mdp)_r
60,['ing_trib_neto_(mdp)_r'],"['igae_sa', 'inpc', 'tasa_cetes_91_mensual', 'tc_mensual', 'commodity_price_index', 'importaciones_r', 'indic_mens_consumo', 'mes_1', 'mes_3', 'mes_4', 'mes_12', 'year_2009', 'year_2015', 'semana_santa', 'IVA', 'ISRP', 'ISRE']",-38024.56197203556,-12441.703684922986,-50815.99111559186,41123.01343689947,15279.370965188127,54044.83467275513,0.1658934650514189,0.0647187184705587,0.21648083834184897,SARIMA,"{'enforce_invertibility': False, 'enforce_stationarity': False, 'order': (3, 0, 2), 'seasonal_order': (0, 0, 0, 12)}",18MS,47684.097585563904,18891.481515637104,56852.578718089324,2016-07-01,ing_trib_neto_(mdp)_r
61,['ing_trib_neto_(mdp)_r'],"['igae_sa', 'inpc', 'tasa_cetes_91_mensual', 'tc_mensual', 'commodity_price_index', 'importaciones_r', 'indic_mens_consumo', 'mes_1', 'mes_3', 'mes_4', 'mes_12', 'year_2009', 'year_2015', 'semana_santa', 'IVA', 'ISRP', 'ISRE']",-28348.022799674967,-8414.876664149362,-38314.595867437776,31986.612733021055,11471.063602933698,42244.38729806473,0.12917327499445364,0.048517113907684706,0.16950135553783816,SARIMA,"{'enforce_invertibility': False, 'enforce_stationarity': False, 'order': (3, 0, 2), 'seasonal_order': (0, 0, 1, 12)}",18MS,38265.51690318548,14645.519343311817,45706.991340322325,2016-07-01,ing_trib_neto_(mdp)_r
62,['ing_trib_neto_(mdp)_r'],"['igae_sa', 'inpc', 'tasa_cetes_91_mensual', 'tc_mensual', 'commodity_price_index', 'importaciones_r', 'indic_mens_consumo', 'mes_1', 'mes_3', 'mes_4', 'mes_12', 'year_2009', 'year_2015', 'semana_santa', 'IVA', 'ISRP', 'ISRE']",-27569.54050764642,-1392.1938629621388,-40658.21382998856,32257.47917846501,11258.176543512944,42757.13049594104,0.12885281758731792,0.04636886362434889,0.17009479456880247,SARIMA,"{'enforce_invertibility': False, 'enforce_stationarity': False, 'order': (3, 0, 2), 'seasonal_order': (1, 0, 0, 12)}",18MS,41300.32298334568,12815.631162052934,49763.99116582306,2016-07-01,ing_trib_neto_(mdp)_r
63,['ing_trib_neto_(mdp)_r'],"['igae_sa', 'inpc', 'tasa_cetes_91_mensual', 'tc_mensual', 'commodity_price_index', 'importaciones_r', 'indic_mens_consumo', 'mes_1', 'mes_3', 'mes_4', 'mes_12', 'year_2009', 'year_2015', 'semana_santa', 'IVA', 'ISRP', 'ISRE']",-39571.98273814603,-7746.228763370692,-55484.859725533715,40207.17144436893,9651.79488203937,55484.859725533715,0.15998054527272532,0.041229749349629696,0.21935594323427313,SARIMA,"{'enforce_invertibility': False, 'enforce_stationarity': False, 'order': (3, 0, 2), 'seasonal_order': (1, 0, 1, 12)}",18MS,49860.117320166246,14006.42372110219,60257.422746443335,2016-07-01,ing_trib_neto_(mdp)_r
64,['ing_trib_neto_(mdp)_r'],"['igae_sa', 'inpc', 'tasa_cetes_91_mensual', 'tc_mensual', 'commodity_price_index', 'importaciones_r', 'indic_mens_consumo', 'mes_1', 'mes_3', 'mes_4', 'mes_12', 'year_2009', 'year_2015', 'semana_santa', 'IVA', 'ISRP', 'ISRE']",-45568.51565126954,-18772.657606267898,-58966.44467377036,47971.98766263595,20931.180397119417,61492.39129539421,0.19372187528152068,0.08772617388927871,0.2467197259776417,SARIMA,"{'enforce_invertibility': False, 'enforce_stationarity': False, 'order': (3, 0, 3), 'seasonal_order': (0, 0, 0, 12)}",18MS,54978.53709052968,25009.430929412723,64970.94345332835,2016-07-01,ing_trib_neto_(mdp)_r
65,['ing_trib_neto_(mdp)_r'],"['igae_sa', 'inpc', 'tasa_cetes_91_mensual', 'tc_mensual', 'commodity_price_index', 'importaciones_r', 'indic_mens_consumo', 'mes_1', 'mes_3', 'mes_4', 'mes_12', 'year_2009', 'year_2015', 'semana_santa', 'IVA', 'ISRP', 'ISRE']",-36609.9305683784,-12440.467469363115,-48694.662117886044,38601.34780253361,13326.778934957829,51238.63223632149,0.15627500216393306,0.05665617650306375,0.2060844149943677,SARIMA,"{'enforce_invertibility': False, 'enforce_stationarity': False, 'order': (3, 0, 3), 'seasonal_order': (0, 0, 1, 12)}",18MS,46615.839894026474,17506.15268505314,55734.3888691898,2016-07-01,ing_trib_neto_(mdp)_r
66,['ing_trib_neto_(mdp)_r'],"['igae_sa', 'inpc', 'tasa_cetes_91_mensual', 'tc_mensual', 'commodity_price_index', 'importaciones_r', 'indic_mens_consumo', 'mes_1', 'mes_3', 'mes_4', 'mes_12', 'year_2009', 'year_2015', 'semana_santa', 'IVA', 'ISRP', 'ISRE']",-34227.595666581095,-2518.959521038419,-50081.91373935243,36848.409268441195,9882.766108161197,50331.2308485812,0.147623526161485,0.04130985134111262,0.20078036357167117,SARIMA,"{'enforce_invertibility': False, 'enforce_stationarity': False, 'order': (3, 0, 3), 'seasonal_order': (1, 0, 0, 12)}",18MS,48759.740404175565,11820.165567904369,59130.4512869431,2016-07-01,ing_trib_neto_(mdp)_r
67,['ing_trib_neto_(mdp)_r'],"['igae_sa', 'inpc', 'tasa_cetes_91_mensual', 'tc_mensual', 'commodity_price_index', 'importaciones_r', 'indic_mens_consumo', 'mes_1', 'mes_3', 'mes_4', 'mes_12', 'year_2009', 'year_2015', 'semana_santa', 'IVA', 'ISRP', 'ISRE']",-26645.896816983237,-1895.6281643942104,-39021.031143277745,29944.840291165856,10289.374714801568,39772.573079347996,0.11923733220875274,0.042823476551192764,0.1574442600375327,SARIMA,"{'enforce_invertibility': False, 'enforce_stationarity': False, 'order': (3, 0, 3), 'seasonal_order': (1, 0, 1, 12)}",18MS,37205.038369071,11836.568642673134,44791.40700457747,2016-07-01,ing_trib_neto_(mdp)_r
68,['ing_trib_neto_(mdp)_r'],"['igae_sa', 'inpc', 'tasa_cetes_91_mensual', 'tc_mensual', 'commodity_price_index', 'importaciones_r', 'indic_mens_consumo', 'mes_1', 'mes_3', 'mes_4', 'mes_12', 'year_2009', 'year_2015', 'semana_santa', 'IVA', 'ISRP', 'ISRE']",-24421.068088557586,-18734.865302228198,-27264.169481722285,29597.012877177473,20418.057195571237,34186.49071798059,0.11807013888915015,0.0884227337320949,0.1328938414676778,SARIMA,"{'enforce_invertibility': False, 'enforce_stationarity': False, 'order': (2, 0, 2), 'seasonal_order': (0, 0, 0, 12)}",18MS,32876.02326244437,26471.62423156669,35649.34660832566,2017-07-01,ing_trib_neto_(mdp)_r
69,['ing_trib_neto_(mdp)_r'],"['igae_sa', 'inpc', 'tasa_cetes_91_mensual', 'tc_mensual', 'commodity_price_index', 'importaciones_r', 'indic_mens_consumo', 'mes_1', 'mes_3', 'mes_4', 'mes_12', 'year_2009', 'year_2015', 'semana_santa', 'IVA', 'ISRP', 'ISRE']",-29441.86721858024,-15270.692994102594,-36527.454330819055,32371.57994905953,21838.092158048752,37638.32384456491,0.13018541952167378,0.09253856651847213,0.14900884602327466,SARIMA,"{'enforce_invertibility': False, 'enforce_stationarity': False, 'order': (2, 0, 2), 'seasonal_order': (0, 0, 1, 12)}",18MS,37908.19245998036,24998.06938235439,42931.28051842695,2017-07-01,ing_trib_neto_(mdp)_r
70,['ing_trib_neto_(mdp)_r'],"['igae_sa', 'inpc', 'tasa_cetes_91_mensual', 'tc_mensual', 'commodity_price_index', 'importaciones_r', 'indic_mens_consumo', 'mes_1', 'mes_3', 'mes_4', 'mes_12', 'year_2009', 'year_2015', 'semana_santa', 'IVA', 'ISRP', 'ISRE']",-29676.535806291024,-13363.736002558973,-37832.935708157056,31695.923906081098,19421.90030192919,37832.935708157056,0.1266190370097288,0.08128746207392216,0.1492848244776321,SARIMA,"{'enforce_invertibility': False, 'enforce_stationarity': False, 'order': (2, 0, 2), 'seasonal_order': (1, 0, 0, 12)}",18MS,36546.84311058343,21812.131540234688,42019.31782954299,2017-07-01,ing_trib_neto_(mdp)_r
71,['ing_trib_neto_(mdp)_r'],"['igae_sa', 'inpc', 'tasa_cetes_91_mensual', 'tc_mensual', 'commodity_price_index', 'importaciones_r', 'indic_mens_consumo', 'mes_1', 'mes_3', 'mes_4', 'mes_12', 'year_2009', 'year_2015', 'semana_santa', 'IVA', 'ISRP', 'ISRE']",-5389.847290490461,1436.6156164264394,-8803.078743948912,13283.36641023502,10329.974985446484,14760.062122629286,0.052054966551262245,0.041925536864795804,0.05711968139449547,SARIMA,"{'enforce_invertibility': False, 'enforce_stationarity': False, 'order': (2, 0, 2), 'seasonal_order': (1, 0, 1, 12)}",18MS,15753.72959663701,13150.920229752579,16905.521076301597,2017-07-01,ing_trib_neto_(mdp)_r
72,['ing_trib_neto_(mdp)_r'],"['igae_sa', 'inpc', 'tasa_cetes_91_mensual', 'tc_mensual', 'commodity_price_index', 'importaciones_r', 'indic_mens_consumo', 'mes_1', 'mes_3', 'mes_4', 'mes_12', 'year_2009', 'year_2015', 'semana_santa', 'IVA', 'ISRP', 'ISRE']",-28415.165051024607,-27035.188720527996,-29105.153216272924,32254.89589982918,27035.188720527996,34864.74948947978,0.1292130569962595,0.11594576704502091,0.1358467019718788,SARIMA,"{'enforce_invertibility': False, 'enforce_stationarity': False, 'order': (2, 0, 3), 'seasonal_order': (0, 0, 0, 12)}",18MS,35723.08463027458,33727.36111548731,36680.24971759866,2017-07-01,ing_trib_neto_(mdp)_r
73,['ing_trib_neto_(mdp)_r'],"['igae_sa', 'inpc', 'tasa_cetes_91_mensual', 'tc_mensual', 'commodity_price_index', 'importaciones_r', 'indic_mens_consumo', 'mes_1', 'mes_3', 'mes_4', 'mes_12', 'year_2009', 'year_2015', 'semana_santa', 'IVA', 'ISRP', 'ISRE']",-28394.634954056277,-12855.988164555742,-36163.95834880655,31858.22092142385,21439.783928261008,37067.439418005284,0.12840898816235108,0.09084422585245659,0.14719136931729834,SARIMA,"{'enforce_invertibility': False, 'enforce_stationarity': False, 'order': (2, 0, 3), 'seasonal_order': (0, 0, 1, 12)}",18MS,37859.792059070496,24460.894160170363,43021.83295231106,2017-07-01,ing_trib_neto_(mdp)_r
74,['ing_trib_neto_(mdp)_r'],"['igae_sa', 'inpc', 'tasa_cetes_91_mensual', 'tc_mensual', 'commodity_price_index', 'importaciones_r', 'indic_mens_consumo', 'mes_1', 'mes_3', 'mes_4', 'mes_12', 'year_2009', 'year_2015', 'semana_santa', 'IVA', 'ISRP', 'ISRE']",-22200.30741933167,-11605.942379483511,-27497.489939255753,24599.124558173575,17856.42275807196,27970.475458224388,0.09886510631367135,0.07506186600969157,0.11076672646566123,SARIMA,"{'enforce_invertibility': False, 'enforce_stationarity': False, 'order': (2, 0, 3), 'seasonal_order': (1, 0, 0, 12)}",18MS,28652.78520119481,20374.632360892912,31998.59884054207,2017-07-01,ing_trib_neto_(mdp)_r
75,['ing_trib_neto_(mdp)_r'],"['igae_sa', 'inpc', 'tasa_cetes_91_mensual', 'tc_mensual', 'commodity_price_index', 'importaciones_r', 'indic_mens_consumo', 'mes_1', 'mes_3', 'mes_4', 'mes_12', 'year_2009', 'year_2015', 'semana_santa', 'IVA', 'ISRP', 'ISRE']",-15646.907217763843,-4531.276475244847,-21204.722589023342,18898.37345423682,12666.144460762438,22014.48795097401,0.07564809465961683,0.05228210112448272,0.08733109142718389,SARIMA,"{'enforce_invertibility': False, 'enforce_stationarity': False, 'order': (2, 0, 3), 'seasonal_order': (1, 0, 1, 12)}",18MS,23329.397535877728,13840.965319863988,26844.087311504703,2017-07-01,ing_trib_neto_(mdp)_r
76,['ing_trib_neto_(mdp)_r'],"['igae_sa', 'inpc', 'tasa_cetes_91_mensual', 'tc_mensual', 'commodity_price_index', 'importaciones_r', 'indic_mens_consumo', 'mes_1', 'mes_3', 'mes_4', 'mes_12', 'year_2009', 'year_2015', 'semana_santa', 'IVA', 'ISRP', 'ISRE']",-30535.68474610934,-27396.057690327925,-32105.498274000038,33644.55278089179,27396.057690327925,36768.800326173725,0.13473284144635558,0.11728069470902554,0.14345891481502057,SARIMA,"{'enforce_invertibility': False, 'enforce_stationarity': False, 'order': (3, 0, 2), 'seasonal_order': (0, 0, 0, 12)}",18MS,37469.270113142265,34431.01848895328,38899.50882882845,2017-07-01,ing_trib_neto_(mdp)_r
77,['ing_trib_neto_(mdp)_r'],"['igae_sa', 'inpc', 'tasa_cetes_91_mensual', 'tc_mensual', 'commodity_price_index', 'importaciones_r', 'indic_mens_consumo', 'mes_1', 'mes_3', 'mes_4', 'mes_12', 'year_2009', 'year_2015', 'semana_santa', 'IVA', 'ISRP', 'ISRE']",-24302.086071840567,-13763.678551337749,-29571.289832091978,28006.99838966244,20881.24817252356,31569.873498231886,0.1129909743530851,0.08895295070094161,0.12500998617915685,SARIMA,"{'enforce_invertibility': False, 'enforce_stationarity': False, 'order': (3, 0, 2), 'seasonal_order': (0, 0, 1, 12)}",18MS,32600.74629278826,24640.687446507254,35925.35663499934,2017-07-01,ing_trib_neto_(mdp)_r
78,['ing_trib_neto_(mdp)_r'],"['igae_sa', 'inpc', 'tasa_cetes_91_mensual', 'tc_mensual', 'commodity_price_index', 'importaciones_r', 'indic_mens_consumo', 'mes_1', 'mes_3', 'mes_4', 'mes_12', 'year_2009', 'year_2015', 'semana_santa', 'IVA', 'ISRP', 'ISRE']",-21056.27609197133,-12578.0558173941,-25295.38622925994,23156.141232272897,17600.442280143452,25933.99070833762,0.09346841201656603,0.07452487093629916,0.10294018255669946,SARIMA,"{'enforce_invertibility': False, 'enforce_stationarity': False, 'order': (3, 0, 2), 'seasonal_order': (1, 0, 0, 12)}",18MS,26897.89088544883,20478.768427083807,29589.775649423304,2017-07-01,ing_trib_neto_(mdp)_r
79,['ing_trib_neto_(mdp)_r'],"['igae_sa', 'inpc', 'tasa_cetes_91_mensual', 'tc_mensual', 'commodity_price_index', 'importaciones_r', 'indic_mens_consumo', 'mes_1', 'mes_3', 'mes_4', 'mes_12', 'year_2009', 'year_2015', 'semana_santa', 'IVA', 'ISRP', 'ISRE']",-19801.52788178771,-3901.5625098628757,-27751.51056775013,22996.753198773815,13487.238460821181,27751.51056775013,0.0914200444923527,0.05512284055290911,0.10956864646207452,SARIMA,"{'enforce_invertibility': False, 'enforce_stationarity': False, 'order': (3, 0, 2), 'seasonal_order': (1, 0, 1, 12)}",18MS,27994.26695749551,15007.93269698124,32602.138761325583,2017-07-01,ing_trib_neto_(mdp)_r
80,['ing_trib_neto_(mdp)_r'],"['igae_sa', 'inpc', 'tasa_cetes_91_mensual', 'tc_mensual', 'commodity_price_index', 'importaciones_r', 'indic_mens_consumo', 'mes_1', 'mes_3', 'mes_4', 'mes_12', 'year_2009', 'year_2015', 'semana_santa', 'IVA', 'ISRP', 'ISRE']",-33572.84362735302,-25168.278015515127,-37775.12643327196,36058.00518393735,25168.278015515127,41502.86876814845,0.1447948387885509,0.1086385274281673,0.1628729944687427,SARIMA,"{'enforce_invertibility': False, 'enforce_stationarity': False, 'order': (3, 0, 3), 'seasonal_order': (0, 0, 0, 12)}",18MS,41127.293587263455,32262.333164363194,44908.265899667706,2017-07-01,ing_trib_neto_(mdp)_r
81,['ing_trib_neto_(mdp)_r'],"['igae_sa', 'inpc', 'tasa_cetes_91_mensual', 'tc_mensual', 'commodity_price_index', 'importaciones_r', 'indic_mens_consumo', 'mes_1', 'mes_3', 'mes_4', 'mes_12', 'year_2009', 'year_2015', 'semana_santa', 'IVA', 'ISRP', 'ISRE']",-28292.05540290939,-14646.957143358008,-35114.604532685094,31486.32492777089,21859.282371969257,36299.84620567172,0.1269520128154437,0.0927290775496511,0.14406348044834003,SARIMA,"{'enforce_invertibility': False, 'enforce_stationarity': False, 'order': (3, 0, 3), 'seasonal_order': (0, 0, 1, 12)}",18MS,36996.0348551948,25194.455669446164,41661.488142772076,2017-07-01,ing_trib_neto_(mdp)_r
82,['ing_trib_neto_(mdp)_r'],"['igae_sa', 'inpc', 'tasa_cetes_91_mensual', 'tc_mensual', 'commodity_price_index', 'importaciones_r', 'indic_mens_consumo', 'mes_1', 'mes_3', 'mes_4', 'mes_12', 'year_2009', 'year_2015', 'semana_santa', 'IVA', 'ISRP', 'ISRE']",-20239.041529587656,-8872.08298666217,-25922.520801050396,23807.623791133887,17139.01683026637,27141.927271567645,0.0957733813214314,0.07181207953918167,0.10775403221255626,SARIMA,"{'enforce_invertibility': False, 'enforce_stationarity': False, 'order': (3, 0, 3), 'seasonal_order': (1, 0, 0, 12)}",18MS,27705.163390439153,19029.382625121074,31149.725780330155,2017-07-01,ing_trib_neto_(mdp)_r
83,['ing_trib_neto_(mdp)_r'],"['igae_sa', 'inpc', 'tasa_cetes_91_mensual', 'tc_mensual', 'commodity_price_index', 'importaciones_r', 'indic_mens_consumo', 'mes_1', 'mes_3', 'mes_4', 'mes_12', 'year_2009', 'year_2015', 'semana_santa', 'IVA', 'ISRP', 'ISRE']",-8643.614466275203,-760.3955455937248,-12585.223926615943,14603.573610606623,10875.552685956654,16467.584072931604,0.05772076031520912,0.044400914076174906,0.06438068343472624,SARIMA,"{'enforce_invertibility': False, 'enforce_stationarity': False, 'order': (3, 0, 3), 'seasonal_order': (1, 0, 1, 12)}",18MS,17378.466457562536,12312.78265666397,19422.00649391861,2017-07-01,ing_trib_neto_(mdp)_r
84,['ing_trib_neto_(mdp)_r'],"['igae_sa', 'inpc', 'tasa_cetes_91_mensual', 'tc_mensual', 'commodity_price_index', 'importaciones_r', 'indic_mens_consumo', 'mes_1', 'mes_3', 'mes_4', 'mes_12', 'year_2009', 'year_2015', 'semana_santa', 'IVA', 'ISRP', 'ISRE']",-29904.058795274508,-21587.88588681284,-38220.231703736164,33698.18361756183,22786.629395592438,44609.73783953121,0.12671222359173565,0.0908430273595397,0.16258141982393162,SARIMA,"{'enforce_invertibility': False, 'enforce_stationarity': False, 'order': (2, 0, 2), 'seasonal_order': (0, 0, 0, 12)}",18MS,37182.943471465536,24708.673806783547,46417.9276693216,2018-07-01,ing_trib_neto_(mdp)_r
85,['ing_trib_neto_(mdp)_r'],"['igae_sa', 'inpc', 'tasa_cetes_91_mensual', 'tc_mensual', 'commodity_price_index', 'importaciones_r', 'indic_mens_consumo', 'mes_1', 'mes_3', 'mes_4', 'mes_12', 'year_2009', 'year_2015', 'semana_santa', 'IVA', 'ISRP', 'ISRE']",-24332.13178382607,-17499.166574752602,-31165.096992899533,27507.556777631395,19133.7799020989,35881.333653163885,0.1032914624643931,0.07657490994817034,0.1300080149806159,SARIMA,"{'enforce_invertibility': False, 'enforce_stationarity': False, 'order': (2, 0, 2), 'seasonal_order': (0, 0, 1, 12)}",18MS,30223.873890160765,21031.745305270393,37210.62745064802,2018-07-01,ing_trib_neto_(mdp)_r
86,['ing_trib_neto_(mdp)_r'],"['igae_sa', 'inpc', 'tasa_cetes_91_mensual', 'tc_mensual', 'commodity_price_index', 'importaciones_r', 'indic_mens_consumo', 'mes_1', 'mes_3', 'mes_4', 'mes_12', 'year_2009', 'year_2015', 'semana_santa', 'IVA', 'ISRP', 'ISRE']",-14614.554432302693,-9788.518645258053,-19440.590219347334,16497.97081697277,11759.296468930546,21236.645165014997,0.06247857187723007,0.04742564765583299,0.07753149609862713,SARIMA,"{'enforce_invertibility': False, 'enforce_stationarity': False, 'order': (2, 0, 2), 'seasonal_order': (1, 0, 0, 12)}",18MS,19144.05928786252,14930.165495565923,22584.954512006512,2018-07-01,ing_trib_neto_(mdp)_r
87,['ing_trib_neto_(mdp)_r'],"['igae_sa', 'inpc', 'tasa_cetes_91_mensual', 'tc_mensual', 'commodity_price_index', 'importaciones_r', 'indic_mens_consumo', 'mes_1', 'mes_3', 'mes_4', 'mes_12', 'year_2009', 'year_2015', 'semana_santa', 'IVA', 'ISRP', 'ISRE']",-14979.765745049532,-8076.889040235056,-21882.642449864008,17223.318975265185,12563.995500666366,21882.642449864008,0.06478630447923954,0.04988391521435389,0.07968869374412518,SARIMA,"{'enforce_invertibility': False, 'enforce_stationarity': False, 'order': (2, 0, 2), 'seasonal_order': (1, 0, 1, 12)}",18MS,21336.733916189864,15035.923855428207,26161.678505675787,2018-07-01,ing_trib_neto_(mdp)_r
88,['ing_trib_neto_(mdp)_r'],"['igae_sa', 'inpc', 'tasa_cetes_91_mensual', 'tc_mensual', 'commodity_price_index', 'importaciones_r', 'indic_mens_consumo', 'mes_1', 'mes_3', 'mes_4', 'mes_12', 'year_2009', 'year_2015', 'semana_santa', 'IVA', 'ISRP', 'ISRE']",-19449.2280295443,-13876.791754316006,-25021.6643047726,27428.811353996196,18516.492262585525,36341.13044540687,0.10223351188889568,0.07310460534050572,0.1313624184372856,SARIMA,"{'enforce_invertibility': False, 'enforce_stationarity': False, 'order': (2, 0, 3), 'seasonal_order': (0, 0, 0, 12)}",18MS,29343.38419404289,19057.59649918398,36862.94084297538,2018-07-01,ing_trib_neto_(mdp)_r
89,['ing_trib_neto_(mdp)_r'],"['igae_sa', 'inpc', 'tasa_cetes_91_mensual', 'tc_mensual', 'commodity_price_index', 'importaciones_r', 'indic_mens_consumo', 'mes_1', 'mes_3', 'mes_4', 'mes_12', 'year_2009', 'year_2015', 'semana_santa', 'IVA', 'ISRP', 'ISRE']",-26717.294027965607,-16752.900214836114,-36681.6878410951,29367.9569205616,19065.366655117807,39670.54718600539,0.11042986256645243,0.07663592506214888,0.14422380007075597,SARIMA,"{'enforce_invertibility': False, 'enforce_stationarity': False, 'order': (2, 0, 3), 'seasonal_order': (0, 0, 1, 12)}",18MS,33152.30746234236,20760.52939698394,42037.49991748234,2018-07-01,ing_trib_neto_(mdp)_r
90,['ing_trib_neto_(mdp)_r'],"['igae_sa', 'inpc', 'tasa_cetes_91_mensual', 'tc_mensual', 'commodity_price_index', 'importaciones_r', 'indic_mens_consumo', 'mes_1', 'mes_3', 'mes_4', 'mes_12', 'year_2009', 'year_2015', 'semana_santa', 'IVA', 'ISRP', 'ISRE']",-11820.866150744885,-6179.692752675614,-17462.039548814155,15581.246045047956,10607.107676963124,20555.38441313279,0.058401546281964346,0.042089207670675255,0.07471388489325344,SARIMA,"{'enforce_invertibility': False, 'enforce_stationarity': False, 'order': (2, 0, 3), 'seasonal_order': (1, 0, 0, 12)}",18MS,17969.271323033307,12945.741562816833,21867.720483633664,2018-07-01,ing_trib_neto_(mdp)_r
91,['ing_trib_neto_(mdp)_r'],"['igae_sa', 'inpc', 'tasa_cetes_91_mensual', 'tc_mensual', 'commodity_price_index', 'importaciones_r', 'indic_mens_consumo', 'mes_1', 'mes_3', 'mes_4', 'mes_12', 'year_2009', 'year_2015', 'semana_santa', 'IVA', 'ISRP', 'ISRE']",-9488.689924967177,-4090.5260095153935,-14886.85384041896,13632.12540825329,10985.448884712503,16278.801931794078,0.0514302180498171,0.04330128639773217,0.05955914970190205,SARIMA,"{'enforce_invertibility': False, 'enforce_stationarity': False, 'order': (2, 0, 3), 'seasonal_order': (1, 0, 1, 12)}",18MS,16457.875421750105,12305.642296301492,19755.87240470965,2018-07-01,ing_trib_neto_(mdp)_r
92,['ing_trib_neto_(mdp)_r'],"['igae_sa', 'inpc', 'tasa_cetes_91_mensual', 'tc_mensual', 'commodity_price_index', 'importaciones_r', 'indic_mens_consumo', 'mes_1', 'mes_3', 'mes_4', 'mes_12', 'year_2009', 'year_2015', 'semana_santa', 'IVA', 'ISRP', 'ISRE']",-18398.854499558813,-13164.026463867363,-23633.68253525026,26150.71974401268,17517.53313080897,34783.906357216394,0.09730385998383832,0.0690063430344557,0.1256013769332209,SARIMA,"{'enforce_invertibility': False, 'enforce_stationarity': False, 'order': (3, 0, 2), 'seasonal_order': (0, 0, 0, 12)}",18MS,27969.43602111332,18001.294204121914,35221.188362333116,2018-07-01,ing_trib_neto_(mdp)_r
93,['ing_trib_neto_(mdp)_r'],"['igae_sa', 'inpc', 'tasa_cetes_91_mensual', 'tc_mensual', 'commodity_price_index', 'importaciones_r', 'indic_mens_consumo', 'mes_1', 'mes_3', 'mes_4', 'mes_12', 'year_2009', 'year_2015', 'semana_santa', 'IVA', 'ISRP', 'ISRE']",-17683.852164014646,-10245.934140703199,-25121.770187326092,22918.6187821348,14232.09541774109,31605.14214652851,0.08552876214993715,0.056806267082441825,0.1142512572174325,SARIMA,"{'enforce_invertibility': False, 'enforce_stationarity': False, 'order': (3, 0, 2), 'seasonal_order': (0, 0, 1, 12)}",18MS,25169.431493528584,15203.296001738092,32184.78451222552,2018-07-01,ing_trib_neto_(mdp)_r
94,['ing_trib_neto_(mdp)_r'],"['igae_sa', 'inpc', 'tasa_cetes_91_mensual', 'tc_mensual', 'commodity_price_index', 'importaciones_r', 'indic_mens_consumo', 'mes_1', 'mes_3', 'mes_4', 'mes_12', 'year_2009', 'year_2015', 'semana_santa', 'IVA', 'ISRP', 'ISRE']",-14692.879686144917,-7971.307387743286,-21414.45198454655,17439.32857050378,11660.204320939107,23218.452820068454,0.06547455167796283,0.046307802641161216,0.08464130071476444,SARIMA,"{'enforce_invertibility': False, 'enforce_stationarity': False, 'order': (3, 0, 2), 'seasonal_order': (1, 0, 0, 12)}",18MS,20337.06661120317,14234.517469748924,24991.419909649834,2018-07-01,ing_trib_neto_(mdp)_r
95,['ing_trib_neto_(mdp)_r'],"['igae_sa', 'inpc', 'tasa_cetes_91_mensual', 'tc_mensual', 'commodity_price_index', 'importaciones_r', 'indic_mens_consumo', 'mes_1', 'mes_3', 'mes_4', 'mes_12', 'year_2009', 'year_2015', 'semana_santa', 'IVA', 'ISRP', 'ISRE']",-10962.811854552978,-4703.89751127223,-17221.726197833723,14835.253421776879,11566.91921263042,18103.58763092334,0.05586120651611593,0.04548873070732151,0.06623368232491035,SARIMA,"{'enforce_invertibility': False, 'enforce_stationarity': False, 'order': (3, 0, 2), 'seasonal_order': (1, 0, 1, 12)}",18MS,17499.22966575066,13036.290612844829,21035.71260610939,2018-07-01,ing_trib_neto_(mdp)_r
96,['ing_trib_neto_(mdp)_r'],"['igae_sa', 'inpc', 'tasa_cetes_91_mensual', 'tc_mensual', 'commodity_price_index', 'importaciones_r', 'indic_mens_consumo', 'mes_1', 'mes_3', 'mes_4', 'mes_12', 'year_2009', 'year_2015', 'semana_santa', 'IVA', 'ISRP', 'ISRE']",-27979.120006106023,-20398.636666362185,-35559.603345849864,33037.0205626786,22129.039611962304,43945.0015133949,0.12395933934748847,0.08828504487986903,0.1596336338151079,SARIMA,"{'enforce_invertibility': False, 'enforce_stationarity': False, 'order': (3, 0, 3), 'seasonal_order': (0, 0, 0, 12)}",18MS,36019.39868878479,23808.11118914826,45032.96576296543,2018-07-01,ing_trib_neto_(mdp)_r
97,['ing_trib_neto_(mdp)_r'],"['igae_sa', 'inpc', 'tasa_cetes_91_mensual', 'tc_mensual', 'commodity_price_index', 'importaciones_r', 'indic_mens_consumo', 'mes_1', 'mes_3', 'mes_4', 'mes_12', 'year_2009', 'year_2015', 'semana_santa', 'IVA', 'ISRP', 'ISRE']",-24371.058983489856,-17685.390321360548,-31056.727645619165,27606.927553436617,19374.568177917015,35839.286928956215,0.10377942781205762,0.07790512509331769,0.12965373053079754,SARIMA,"{'enforce_invertibility': False, 'enforce_stationarity': False, 'order': (3, 0, 3), 'seasonal_order': (0, 0, 1, 12)}",18MS,30323.999496273012,21481.545187331045,37116.480265033024,2018-07-01,ing_trib_neto_(mdp)_r
98,['ing_trib_neto_(mdp)_r'],"['igae_sa', 'inpc', 'tasa_cetes_91_mensual', 'tc_mensual', 'commodity_price_index', 'importaciones_r', 'indic_mens_consumo', 'mes_1', 'mes_3', 'mes_4', 'mes_12', 'year_2009', 'year_2015', 'semana_santa', 'IVA', 'ISRP', 'ISRE']",-15303.18081453608,-9053.235351160902,-21553.12627791126,16591.132612127378,11443.261399912119,21739.00382434264,0.06277700018467375,0.04608387539268274,0.0794701249766648,SARIMA,"{'enforce_invertibility': False, 'enforce_stationarity': False, 'order': (3, 0, 3), 'seasonal_order': (1, 0, 0, 12)}",18MS,19900.950216820343,14734.55688791059,23978.91724790029,2018-07-01,ing_trib_neto_(mdp)_r
99,['ing_trib_neto_(mdp)_r'],"['igae_sa', 'inpc', 'tasa_cetes_91_mensual', 'tc_mensual', 'commodity_price_index', 'importaciones_r', 'indic_mens_consumo', 'mes_1', 'mes_3', 'mes_4', 'mes_12', 'year_2009', 'year_2015', 'semana_santa', 'IVA', 'ISRP', 'ISRE']",-15541.95127616913,-8572.615024576997,-22511.287527761262,17537.700808257345,12564.114088753427,22511.287527761262,0.06599003541013608,0.049701041529516765,0.08227902929075538,SARIMA,"{'enforce_invertibility': False, 'enforce_stationarity': False, 'order': (3, 0, 3), 'seasonal_order': (1, 0, 1, 12)}",18MS,21534.104151520507,15079.26694165545,26458.47674601398,2018-07-01,ing_trib_neto_(mdp)_r
